{"train": [{"input": [[0, 0, 0, 0, 0, 0, 0], [0, 8, 0, 0, 0, 0, 0], [0, 8, 8, 0, 0, 0, 0], [0, 0, 0, 0, 8, 8, 0], [0, 0, 0, 0, 0, 8, 0], [0, 0, 0, 0, 0, 0, 0], [0, 0, 0, 0, 0, 0, 0]], "output": [[0, 0, 0, 0, 0, 0, 0], [0, 8, 1, 0, 0, 0, 0], [0, 8, 8, 0, 0, 0, 0], [0, 0, 0, 0, 8, 8, 0], [0, 0, 0, 0, 1, 8, 0], [0, 0, 0, 0, 0, 0, 0], [0, 0, 0, 0, 0, 0, 0]]}, {"input": [[0, 0, 0, 0, 8, 8, 0], [0, 0, 0, 0, 0, 8, 0], [0, 0, 8, 0, 0, 0, 0], [0, 0, 8, 8, 0, 0, 0], [0, 0, 0, 0, 0, 0, 0], [0, 0, 0, 0, 8, 0, 0], [0, 0, 0, 8, 8, 0, 0]], "output": [[0, 0, 0, 0, 8, 8, 0], [0, 0, 0, 0, 1, 8, 0], [0, 0, 8, 1, 0, 0, 0], [0, 0, 8, 8, 0, 0, 0], [0, 0, 0, 0, 0, 0, 0], [0, 0, 0, 1, 8, 0, 0], [0, 0, 0, 8, 8, 0, 0]]}], "test": [{"input": [[0, 0, 0, 0, 0, 8, 8], [8, 8, 0, 0, 0, 0, 8], [8, 0, 0, 0, 0, 0, 0], [0, 0, 0, 8, 0, 0, 0], [0, 0, 0, 8, 8, 0, 0], [0, 8, 0, 0, 0, 0, 0], [8, 8, 0, 0, 0, 0, 0]], "output": [[0, 0, 0, 0, 0, 8, 8], [8, 8, 0, 0, 0, 1, 8], [8, 1, 0, 0, 0, 0, 0], [0, 0, 0, 8, 1, 0, 0], [0, 0, 0, 8, 8, 0, 0], [1, 8, 0, 0, 0, 0, 0], [8, 8, 0, 0, 0, 0, 0]]}], "arc-gen": [{"input": [[0, 8, 0, 0, 0, 8, 8], [8, 8, 0, 0, 0, 8, 0], [0, 0, 0, 8, 0, 0, 0], [0, 8, 0, 8, 8, 0, 0], [8, 8, 0, 0, 0, 0, 0], [0, 0, 0, 0, 0, 0, 0], [0, 0, 0, 0, 0, 0, 0]], "output": [[1, 8, 0, 0, 0, 8, 8], [8, 8, 0, 0, 0, 8, 1], [0, 0, 0, 8, 1, 0, 0], [1, 8, 0, 8, 8, 0, 0], [8, 8, 0, 0, 0, 0, 0], [0, 0, 0, 0, 0, 0, 0], [0, 0, 0, 0, 0, 0, 0]]}, {"input": [[0, 0, 0, 0, 0, 0, 0], [0, 0, 0, 0, 0, 0, 0], [0, 0, 0, 0, 0, 8, 0], [0, 0, 0, 0, 8, 8, 0], [0, 0, 0, 0, 0, 0, 0], [0, 0, 0, 0, 0, 0, 0], [0, 0, 0, 0, 0, 0, 0]], "output": [[0, 0, 0, 0, 0, 0, 0], [0, 0, 0, 0, 0, 0, 0], [0, 0, 0, 0, 1, 8, 0], [0, 0, 0, 0, 8, 8, 0], [0, 0, 0, 0, 0, 0, 0], [0, 0, 0, 0, 0, 0, 0], [0, 0, 0, 0, 0, 0, 0]]}, {"input": [[0, 0, 0, 0, 0, 0, 0], [0, 0, 0, 0, 0, 0, 0], [0, 0, 0, 0, 0, 0, 0], [0, 8, 0, 0, 0, 0, 0], [8, 8, 0, 0, 0, 0, 0], [0, 0, 0, 0, 0, 0, 0], [0, 0, 0, 0, 0, 0, 0]], "output": [[0, 0, 0, 0, 0, 0, 0], [0, 0, 0, 0, 0, 0, 0], [0, 0, 0, 0, 0, 0, 0], [1, 8, 0, 0, 0, 0, 0], [8, 8, 0, 0, 0, 0, 0], [0, 0, 0, 0, 0, 0, 0], [0, 0, 0, 0, 0, 0, 0]]}, {"input": [[0, 0, 0, 0, 0, 0, 0], [0, 0, 0, 0, 0, 0, 8], [0, 0, 8, 8, 0, 8, 8], [0, 0, 0, 8, 0, 0, 0], [0, 8, 0, 0, 0, 0, 0], [8, 8, 0, 0, 0, 0, 0], [0, 0, 0, 0, 0, 0, 0]], "output": [[0, 0, 0, 0, 0, 0, 0], [0, 0, 0, 0, 0, 1, 8], [0, 0, 8, 8, 0, 8, 8], [0, 0, 1, 8, 0, 0, 0], [1, 8, 0, 0, 0, 0, 0], [8, 8, 0, 0, 0, 0, 0], [0, 0, 0, 0, 0, 0, 0]]}, {"input": [[0, 0, 0, 0, 8, 0, 0], [0, 0, 0, 0, 8, 8, 0], [0, 0, 0, 0, 0, 0, 0], [0, 8, 0, 0, 0, 0, 0], [0, 8, 8, 0, 0, 0, 0], [0, 0, 0, 0, 0, 0, 0], [0, 0, 0, 0, 0, 0, 0]], "output": [[0, 0, 0, 0, 8, 1, 0], [0, 0, 0, 0, 8, 8, 0], [0, 0, 0, 0, 0, 0, 0], [0, 8, 1, 0, 0, 0, 0], [0, 8, 8, 0, 0, 0, 0], [0, 0, 0, 0, 0, 0, 0], [0, 0, 0, 0, 0, 0, 0]]}, {"input": [[0, 0, 0, 0, 8, 8, 0], [0, 0, 0, 0, 8, 0, 0], [0, 0, 0, 0, 0, 0, 0], [0, 0, 0, 8, 0, 8, 8], [0, 0, 8, 8, 0, 8, 0], [0, 0, 0, 0, 0, 0, 0], [0, 0, 0, 0, 0, 0, 0]], "output": [[0, 0, 0, 0, 8, 8, 0], [0, 0, 0, 0, 8, 1, 0], [0, 0, 0, 0, 0, 0, 0], [0, 0, 1, 8, 0, 8, 8], [0, 0, 8, 8, 0, 8, 1], [0, 0, 0, 0, 0, 0, 0], [0, 0, 0, 0, 0, 0, 0]]}, {"input": [[0, 0, 0, 0, 0, 0, 0], [0, 0, 0, 0, 0, 0, 0], [0, 0, 8, 8, 0, 0, 0], [0, 0, 0, 8, 0, 0, 0], [0, 0, 0, 0, 0, 0, 0], [0, 0, 0, 0, 0, 0, 0], [0, 0, 0, 0, 0, 0, 0]], "output": [[0, 0, 0, 0, 0, 0, 0], [0, 0, 0, 0, 0, 0, 0], [0, 0, 8, 8, 0, 0, 0], [0, 0, 1, 8, 0, 0, 0], [0, 0, 0, 0, 0, 0, 0], [0, 0, 0, 0, 0, 0, 0], [0, 0, 0, 0, 0, 0, 0]]}, {"input": [[0, 0, 0, 0, 0, 0, 0], [0, 0, 0, 0, 0, 0, 0], [0, 0, 0, 0, 0, 0, 0], [0, 0, 0, 0, 0, 0, 0], [0, 0, 0, 0, 0, 8, 8], [0, 0, 0, 0, 0, 8, 0], [0, 0, 0, 0, 0, 0, 0]], "output": [[0, 0, 0, 0, 0, 0, 0], [0, 0, 0, 0, 0, 0, 0], [0, 0, 0, 0, 0, 0, 0], [0, 0, 0, 0, 0, 0, 0], [0, 0, 0, 0, 0, 8, 8], [0, 0, 0, 0, 0, 8, 1], [0, 0, 0, 0, 0, 0, 0]]}, {"input": [[0, 0, 0, 0, 0, 0, 0], [8, 8, 0, 8, 8, 0, 0], [8, 0, 0, 0, 8, 0, 0], [0, 0, 0, 0, 0, 0, 0], [0, 8, 8, 0, 8, 0, 0], [0, 8, 0, 0, 8, 8, 0], [0, 0, 0, 0, 0, 0, 0]], "output": [[0, 0, 0, 0, 0, 0, 0], [8, 8, 0, 8, 8, 0, 0], [8, 1, 0, 1, 8, 0, 0], [0, 0, 0, 0, 0, 0, 0], [0, 8, 8, 0, 8, 1, 0], [0, 8, 1, 0, 8, 8, 0], [0, 0, 0, 0, 0, 0, 0]]}, {"input": [[0, 0, 0, 0, 0, 0, 0], [0, 0, 0, 0, 0, 0, 0], [0, 0, 0, 8, 0, 0, 0], [0, 0, 8, 8, 0, 0, 0], [0, 0, 0, 0, 0, 0, 0], [0, 0, 0, 0, 0, 0, 0], [0, 0, 0, 0, 0, 0, 0]], "output": [[0, 0, 0, 0, 0, 0, 0], [0, 0, 0, 0, 0, 0, 0], [0, 0, 1, 8, 0, 0, 0], [0, 0, 8, 8, 0, 0, 0], [0, 0, 0, 0, 0, 0, 0], [0, 0, 0, 0, 0, 0, 0], [0, 0, 0, 0, 0, 0, 0]]}, {"input": [[0, 0, 0, 0, 0, 0, 0], [0, 8, 0, 0, 0, 0, 0], [8, 8, 0, 0, 0, 0, 0], [0, 0, 0, 0, 0, 8, 8], [0, 8, 8, 0, 0, 0, 8], [0, 0, 8, 0, 0, 0, 0], [0, 0, 0, 0, 0, 0, 0]], "output": [[0, 0, 0, 0, 0, 0, 0], [1, 8, 0, 0, 0, 0, 0], [8, 8, 0, 0, 0, 0, 0], [0, 0, 0, 0, 0, 8, 8], [0, 8, 8, 0, 0, 1, 8], [0, 1, 8, 0, 0, 0, 0], [0, 0, 0, 0, 0, 0, 0]]}, {"input": [[0, 0, 0, 0, 0, 0, 0], [0, 0, 0, 0, 0, 0, 0], [0, 0, 0, 0, 0, 0, 0], [0, 0, 0, 0, 0, 0, 0], [0, 0, 0, 0, 8, 8, 0], [0, 0, 0, 0, 8, 0, 0], [0, 0, 0, 0, 0, 0, 0]], "output": [[0, 0, 0, 0, 0, 0, 0], [0, 0, 0, 0, 0, 0, 0], [0, 0, 0, 0, 0, 0, 0], [0, 0, 0, 0, 0, 0, 0], [0, 0, 0, 0, 8, 8, 0], [0, 0, 0, 0, 8, 1, 0], [0, 0, 0, 0, 0, 0, 0]]}, {"input": [[0, 0, 0, 0, 0, 0, 0], [0, 0, 0, 0, 0, 0, 0], [0, 0, 0, 8, 8, 0, 0], [0, 0, 0, 0, 8, 0, 0], [8, 8, 0, 0, 0, 0, 0], [0, 8, 0, 0, 0, 0, 0], [0, 0, 0, 0, 0, 0, 0]], "output": [[0, 0, 0, 0, 0, 0, 0], [0, 0, 0, 0, 0, 0, 0], [0, 0, 0, 8, 8, 0, 0], [0, 0, 0, 1, 8, 0, 0], [8, 8, 0, 0, 0, 0, 0], [1, 8, 0, 0, 0, 0, 0], [0, 0, 0, 0, 0, 0, 0]]}, {"input": [[0, 0, 0, 0, 0, 0, 0], [0, 0, 0, 0, 0, 0, 0], [0, 0, 0, 0, 0, 0, 0], [0, 8, 0, 0, 0, 0, 0], [8, 8, 0, 0, 0, 8, 0], [0, 0, 0, 0, 8, 8, 0], [0, 0, 0, 0, 0, 0, 0]], "output": [[0, 0, 0, 0, 0, 0, 0], [0, 0, 0, 0, 0, 0, 0], [0, 0, 0, 0, 0, 0, 0], [1, 8, 0, 0, 0, 0, 0], [8, 8, 0, 0, 1, 8, 0], [0, 0, 0, 0, 8, 8, 0], [0, 0, 0, 0, 0, 0, 0]]}, {"input": [[0, 0, 0, 0, 0, 0, 0], [0, 0, 0, 0, 0, 0, 0], [0, 8, 0, 0, 0, 0, 0], [0, 8, 8, 0, 0, 0, 0], [0, 0, 0, 0, 8, 0, 0], [0, 0, 0, 8, 8, 0, 0], [0, 0, 0, 0, 0, 0, 0]], "output": [[0, 0, 0, 0, 0, 0, 0], [0, 0, 0, 0, 0, 0, 0], [0, 8, 1, 0, 0, 0, 0], [0, 8, 8, 0, 0, 0, 0], [0, 0, 0, 1, 8, 0, 0], [0, 0, 0, 8, 8, 0, 0], [0, 0, 0, 0, 0, 0, 0]]}, {"input": [[0, 0, 0, 0, 0, 8, 0], [0, 0, 8, 0, 0, 8, 8], [0, 8, 8, 0, 0, 0, 0], [0, 0, 0, 0, 0, 0, 0], [0, 0, 8, 8, 0, 0, 0], [0, 0, 8, 0, 0, 0, 0], [0, 0, 0, 0, 0, 0, 0]], "output": [[0, 0, 0, 0, 0, 8, 1], [0, 1, 8, 0, 0, 8, 8], [0, 8, 8, 0, 0, 0, 0], [0, 0, 0, 0, 0, 0, 0], [0, 0, 8, 8, 0, 0, 0], [0, 0, 8, 1, 0, 0, 0], [0, 0, 0, 0, 0, 0, 0]]}, {"input": [[0, 0, 0, 0, 0, 0, 0], [0, 0, 0, 0, 0, 0, 0], [0, 0, 0, 0, 0, 0, 0], [0, 0, 0, 0, 0, 8, 8], [0, 0, 0, 0, 0, 0, 8], [0, 0, 0, 0, 0, 0, 0], [0, 0, 0, 0, 0, 0, 0]], "output": [[0, 0, 0, 0, 0, 0, 0], [0, 0, 0, 0, 0, 0, 0], [0, 0, 0, 0, 0, 0, 0], [0, 0, 0, 0, 0, 8, 8], [0, 0, 0, 0, 0, 1, 8], [0, 0, 0, 0, 0, 0, 0], [0, 0, 0, 0, 0, 0, 0]]}, {"input": [[0, 0, 0, 0, 0, 0, 8], [0, 0, 0, 0, 0, 8, 8], [0, 0, 0, 0, 0, 0, 0], [0, 0, 0, 0, 0, 0, 0], [0, 8, 0, 0, 0, 8, 8], [0, 8, 8, 0, 0, 0, 8], [0, 0, 0, 0, 0, 0, 0]], "output": [[0, 0, 0, 0, 0, 1, 8], [0, 0, 0, 0, 0, 8, 8], [0, 0, 0, 0, 0, 0, 0], [0, 0, 0, 0, 0, 0, 0], [0, 8, 1, 0, 0, 8, 8], [0, 8, 8, 0, 0, 1, 8], [0, 0, 0, 0, 0, 0, 0]]}, {"input": [[0, 0, 0, 0, 0, 0, 0], [0, 0, 0, 0, 0, 8, 8], [0, 0, 0, 0, 0, 8, 0], [0, 0, 0, 0, 0, 0, 0], [0, 8, 8, 0, 0, 0, 0], [0, 8, 0, 0, 0, 0, 0], [0, 0, 0, 0, 0, 0, 0]], "output": [[0, 0, 0, 0, 0, 0, 0], [0, 0, 0, 0, 0, 8, 8], [0, 0, 0, 0, 0, 8, 1], [0, 0, 0, 0, 0, 0, 0], [0, 8, 8, 0, 0, 0, 0], [0, 8, 1, 0, 0, 0, 0], [0, 0, 0, 0, 0, 0, 0]]}, {"input": [[0, 0, 0, 0, 0, 0, 0], [0, 0, 0, 0, 0, 0, 0], [0, 0, 0, 0, 0, 0, 0], [0, 0, 0, 0, 0, 0, 0], [0, 0, 0, 0, 0, 8, 8], [0, 0, 0, 8, 0, 0, 8], [0, 0, 8, 8, 0, 0, 0]], "output": [[0, 0, 0, 0, 0, 0, 0], [0, 0, 0, 0, 0, 0, 0], [0, 0, 0, 0, 0, 0, 0], [0, 0, 0, 0, 0, 0, 0], [0, 0, 0, 0, 0, 8, 8], [0, 0, 1, 8, 0, 1, 8], [0, 0, 8, 8, 0, 0, 0]]}, {"input": [[0, 0, 8, 8, 0, 0, 0], [0, 0, 8, 0, 0, 8, 0], [0, 0, 0, 0, 0, 8, 8], [8, 0, 0, 0, 0, 0, 0], [8, 8, 0, 0, 0, 0, 0], [0, 0, 0, 0, 0, 0, 0], [0, 0, 0, 0, 0, 0, 0]], "output": [[0, 0, 8, 8, 0, 0, 0], [0, 0, 8, 1, 0, 8, 1], [0, 0, 0, 0, 0, 8, 8], [8, 1, 0, 0, 0, 0, 0], [8, 8, 0, 0, 0, 0, 0], [0, 0, 0, 0, 0, 0, 0], [0, 0, 0, 0, 0, 0, 0]]}, {"input": [[0, 0, 0, 8, 0, 0, 0], [0, 0, 0, 8, 8, 0, 0], [0, 0, 0, 0, 0, 0, 0], [0, 0, 8, 0, 0, 8, 8], [0, 0, 8, 8, 0, 0, 8], [0, 0, 0, 0, 0, 0, 0], [0, 0, 0, 0, 0, 0, 0]], "output": [[0, 0, 0, 8, 1, 0, 0], [0, 0, 0, 8, 8, 0, 0], [0, 0, 0, 0, 0, 0, 0], [0, 0, 8, 1, 0, 8, 8], [0, 0, 8, 8, 0, 1, 8], [0, 0, 0, 0, 0, 0, 0], [0, 0, 0, 0, 0, 0, 0]]}, {"input": [[8, 8, 0, 8, 8, 0, 0], [0, 8, 0, 8, 0, 0, 0], [0, 0, 0, 0, 0, 0, 0], [0, 8, 8, 0, 0, 0, 0], [0, 8, 0, 0, 0, 0, 0], [0, 0, 0, 0, 0, 0, 0], [0, 0, 0, 0, 0, 0, 0]], "output": [[8, 8, 0, 8, 8, 0, 0], [1, 8, 0, 8, 1, 0, 0], [0, 0, 0, 0, 0, 0, 0], [0, 8, 8, 0, 0, 0, 0], [0, 8, 1, 0, 0, 0, 0], [0, 0, 0, 0, 0, 0, 0], [0, 0, 0, 0, 0, 0, 0]]}, {"input": [[0, 8, 0, 0, 0, 0, 0], [8, 8, 0, 0, 0, 0, 0], [0, 0, 0, 0, 0, 0, 0], [0, 0, 0, 0, 8, 8, 0], [0, 0, 0, 0, 8, 0, 0], [0, 8, 8, 0, 0, 0, 0], [0, 0, 8, 0, 0, 0, 0]], "output": [[1, 8, 0, 0, 0, 0, 0], [8, 8, 0, 0, 0, 0, 0], [0, 0, 0, 0, 0, 0, 0], [0, 0, 0, 0, 8, 8, 0], [0, 0, 0, 0, 8, 1, 0], [0, 8, 8, 0, 0, 0, 0], [0, 1, 8, 0, 0, 0, 0]]}, {"input": [[0, 0, 0, 8, 8, 0, 0], [0, 0, 0, 0, 8, 0, 0], [8, 8, 0, 0, 0, 0, 0], [8, 0, 0, 0, 0, 0, 0], [0, 0, 0, 0, 8, 0, 0], [0, 0, 0, 8, 8, 0, 0], [0, 0, 0, 0, 0, 0, 0]], "output": [[0, 0, 0, 8, 8, 0, 0], [0, 0, 0, 1, 8, 0, 0], [8, 8, 0, 0, 0, 0, 0], [8, 1, 0, 0, 0, 0, 0], [0, 0, 0, 1, 8, 0, 0], [0, 0, 0, 8, 8, 0, 0], [0, 0, 0, 0, 0, 0, 0]]}, {"input": [[0, 0, 0, 0, 0, 0, 0], [0, 0, 0, 8, 8, 0, 0], [0, 0, 0, 0, 8, 0, 0], [0, 0, 0, 0, 0, 0, 0], [0, 0, 0, 0, 0, 0, 0], [0, 0, 8, 8, 0, 0, 0], [0, 0, 8, 0, 0, 0, 0]], "output": [[0, 0, 0, 0, 0, 0, 0], [0, 0, 0, 8, 8, 0, 0], [0, 0, 0, 1, 8, 0, 0], [0, 0, 0, 0, 0, 0, 0], [0, 0, 0, 0, 0, 0, 0], [0, 0, 8, 8, 0, 0, 0], [0, 0, 8, 1, 0, 0, 0]]}, {"input": [[0, 0, 0, 0, 0, 0, 0], [0, 0, 0, 0, 0, 0, 0], [0, 8, 0, 0, 0, 0, 0], [8, 8, 0, 0, 8, 8, 0], [0, 0, 0, 0, 8, 0, 0], [0, 0, 0, 0, 0, 0, 0], [0, 0, 0, 0, 0, 0, 0]], "output": [[0, 0, 0, 0, 0, 0, 0], [0, 0, 0, 0, 0, 0, 0], [1, 8, 0, 0, 0, 0, 0], [8, 8, 0, 0, 8, 8, 0], [0, 0, 0, 0, 8, 1, 0], [0, 0, 0, 0, 0, 0, 0], [0, 0, 0, 0, 0, 0, 0]]}, {"input": [[0, 0, 0, 0, 0, 0, 0], [8, 8, 0, 0, 0, 0, 0], [8, 0, 0, 0, 0, 0, 0], [0, 0, 0, 0, 0, 0, 0], [8, 0, 0, 0, 8, 0, 0], [8, 8, 0, 8, 8, 0, 0], [0, 0, 0, 0, 0, 0, 0]], "output": [[0, 0, 0, 0, 0, 0, 0], [8, 8, 0, 0, 0, 0, 0], [8, 1, 0, 0, 0, 0, 0], [0, 0, 0, 0, 0, 0, 0], [8, 1, 0, 1, 8, 0, 0], [8, 8, 0, 8, 8, 0, 0], [0, 0, 0, 0, 0, 0, 0]]}, {"input": [[0, 0, 0, 0, 0, 0, 0], [0, 8, 8, 0, 0, 0, 0], [0, 8, 0, 0, 0, 0, 0], [0, 0, 0, 0, 0, 0, 0], [0, 0, 0, 8, 0, 0, 0], [0, 0, 8, 8, 0, 0, 0], [0, 0, 0, 0, 0, 0, 0]], "output": [[0, 0, 0, 0, 0, 0, 0], [0, 8, 8, 0, 0, 0, 0], [0, 8, 1, 0, 0, 0, 0], [0, 0, 0, 0, 0, 0, 0], [0, 0, 1, 8, 0, 0, 0], [0, 0, 8, 8, 0, 0, 0], [0, 0, 0, 0, 0, 0, 0]]}, {"input": [[0, 0, 0, 0, 0, 0, 0], [0, 0, 8, 0, 0, 0, 0], [0, 0, 8, 8, 0, 0, 0], [0, 0, 0, 0, 0, 0, 0], [8, 8, 0, 0, 0, 0, 0], [0, 8, 0, 0, 0, 0, 0], [0, 0, 0, 0, 0, 0, 0]], "output": [[0, 0, 0, 0, 0, 0, 0], [0, 0, 8, 1, 0, 0, 0], [0, 0, 8, 8, 0, 0, 0], [0, 0, 0, 0, 0, 0, 0], [8, 8, 0, 0, 0, 0, 0], [1, 8, 0, 0, 0, 0, 0], [0, 0, 0, 0, 0, 0, 0]]}, {"input": [[0, 0, 0, 0, 0, 0, 0], [0, 0, 0, 0, 0, 0, 0], [0, 8, 8, 0, 0, 0, 0], [0, 8, 0, 0, 0, 0, 0], [0, 0, 0, 0, 0, 0, 0], [0, 0, 0, 0, 0, 0, 0], [0, 0, 0, 0, 0, 0, 0]], "output": [[0, 0, 0, 0, 0, 0, 0], [0, 0, 0, 0, 0, 0, 0], [0, 8, 8, 0, 0, 0, 0], [0, 8, 1, 0, 0, 0, 0], [0, 0, 0, 0, 0, 0, 0], [0, 0, 0, 0, 0, 0, 0], [0, 0, 0, 0, 0, 0, 0]]}, {"input": [[0, 0, 0, 0, 0, 0, 8], [0, 0, 8, 0, 0, 8, 8], [0, 8, 8, 0, 0, 0, 0], [0, 0, 0, 0, 0, 0, 0], [0, 0, 0, 0, 0, 0, 0], [0, 0, 0, 0, 8, 8, 0], [0, 0, 0, 0, 0, 8, 0]], "output": [[0, 0, 0, 0, 0, 1, 8], [0, 1, 8, 0, 0, 8, 8], [0, 8, 8, 0, 0, 0, 0], [0, 0, 0, 0, 0, 0, 0], [0, 0, 0, 0, 0, 0, 0], [0, 0, 0, 0, 8, 8, 0], [0, 0, 0, 0, 1, 8, 0]]}, {"input": [[0, 0, 8, 8, 0, 0, 0], [0, 0, 0, 8, 0, 0, 0], [0, 0, 0, 0, 0, 8, 0], [0, 0, 0, 0, 8, 8, 0], [0, 0, 0, 0, 0, 0, 0], [0, 0, 8, 0, 0, 0, 0], [0, 8, 8, 0, 0, 0, 0]], "output": [[0, 0, 8, 8, 0, 0, 0], [0, 0, 1, 8, 0, 0, 0], [0, 0, 0, 0, 1, 8, 0], [0, 0, 0, 0, 8, 8, 0], [0, 0, 0, 0, 0, 0, 0], [0, 1, 8, 0, 0, 0, 0], [0, 8, 8, 0, 0, 0, 0]]}, {"input": [[8, 8, 0, 0, 0, 0, 0], [8, 0, 0, 0, 0, 0, 0], [0, 0, 0, 0, 0, 0, 0], [0, 0, 0, 0, 0, 0, 0], [0, 0, 0, 0, 0, 0, 0], [0, 8, 8, 0, 0, 0, 0], [0, 0, 8, 0, 0, 0, 0]], "output": [[8, 8, 0, 0, 0, 0, 0], [8, 1, 0, 0, 0, 0, 0], [0, 0, 0, 0, 0, 0, 0], [0, 0, 0, 0, 0, 0, 0], [0, 0, 0, 0, 0, 0, 0], [0, 8, 8, 0, 0, 0, 0], [0, 1, 8, 0, 0, 0, 0]]}, {"input": [[0, 0, 0, 8, 8, 0, 0], [8, 0, 0, 8, 0, 0, 0], [8, 8, 0, 0, 0, 0, 0], [0, 0, 0, 0, 0, 8, 0], [0, 0, 0, 0, 8, 8, 0], [0, 8, 0, 0, 0, 0, 0], [0, 8, 8, 0, 0, 0, 0]], "output": [[0, 0, 0, 8, 8, 0, 0], [8, 1, 0, 8, 1, 0, 0], [8, 8, 0, 0, 0, 0, 0], [0, 0, 0, 0, 1, 8, 0], [0, 0, 0, 0, 8, 8, 0], [0, 8, 1, 0, 0, 0, 0], [0, 8, 8, 0, 0, 0, 0]]}, {"input": [[0, 0, 0, 0, 0, 8, 0], [0, 0, 0, 0, 8, 8, 0], [8, 8, 0, 0, 0, 0, 0], [8, 0, 0, 0, 0, 0, 0], [0, 0, 0, 0, 0, 8, 8], [0, 0, 0, 0, 0, 8, 0], [0, 0, 0, 0, 0, 0, 0]], "output": [[0, 0, 0, 0, 1, 8, 0], [0, 0, 0, 0, 8, 8, 0], [8, 8, 0, 0, 0, 0, 0], [8, 1, 0, 0, 0, 0, 0], [0, 0, 0, 0, 0, 8, 8], [0, 0, 0, 0, 0, 8, 1], [0, 0, 0, 0, 0, 0, 0]]}, {"input": [[0, 0, 0, 8, 0, 0, 0], [0, 0, 8, 8, 0, 0, 0], [0, 0, 0, 0, 0, 0, 0], [0, 0, 0, 0, 0, 0, 0], [0, 0, 0, 0, 0, 0, 0], [0, 0, 8, 8, 0, 0, 0], [0, 0, 8, 0, 0, 0, 0]], "output": [[0, 0, 1, 8, 0, 0, 0], [0, 0, 8, 8, 0, 0, 0], [0, 0, 0, 0, 0, 0, 0], [0, 0, 0, 0, 0, 0, 0], [0, 0, 0, 0, 0, 0, 0], [0, 0, 8, 8, 0, 0, 0], [0, 0, 8, 1, 0, 0, 0]]}, {"input": [[0, 0, 0, 0, 0, 0, 0], [0, 0, 0, 0, 0, 0, 0], [0, 8, 8, 0, 0, 8, 8], [0, 8, 0, 0, 0, 8, 0], [0, 0, 0, 8, 0, 0, 0], [0, 0, 0, 8, 8, 0, 0], [0, 0, 0, 0, 0, 0, 0]], "output": [[0, 0, 0, 0, 0, 0, 0], [0, 0, 0, 0, 0, 0, 0], [0, 8, 8, 0, 0, 8, 8], [0, 8, 1, 0, 0, 8, 1], [0, 0, 0, 8, 1, 0, 0], [0, 0, 0, 8, 8, 0, 0], [0, 0, 0, 0, 0, 0, 0]]}, {"input": [[0, 0, 8, 0, 0, 0, 0], [0, 8, 8, 0, 8, 8, 0], [0, 0, 0, 0, 0, 8, 0], [0, 0, 0, 0, 0, 0, 0], [0, 0, 0, 0, 0, 0, 0], [0, 0, 0, 0, 0, 0, 0], [0, 0, 0, 0, 0, 0, 0]], "output": [[0, 1, 8, 0, 0, 0, 0], [0, 8, 8, 0, 8, 8, 0], [0, 0, 0, 0, 1, 8, 0], [0, 0, 0, 0, 0, 0, 0], [0, 0, 0, 0, 0, 0, 0], [0, 0, 0, 0, 0, 0, 0], [0, 0, 0, 0, 0, 0, 0]]}, {"input": [[0, 0, 0, 0, 0, 0, 0], [0, 0, 0, 0, 0, 0, 0], [0, 0, 0, 0, 0, 0, 0], [0, 0, 0, 8, 8, 0, 0], [0, 0, 0, 0, 8, 0, 0], [0, 0, 0, 0, 0, 0, 8], [0, 0, 0, 0, 0, 8, 8]], "output": [[0, 0, 0, 0, 0, 0, 0], [0, 0, 0, 0, 0, 0, 0], [0, 0, 0, 0, 0, 0, 0], [0, 0, 0, 8, 8, 0, 0], [0, 0, 0, 1, 8, 0, 0], [0, 0, 0, 0, 0, 1, 8], [0, 0, 0, 0, 0, 8, 8]]}, {"input": [[0, 8, 0, 0, 0, 0, 0], [0, 8, 8, 0, 0, 0, 0], [0, 0, 0, 0, 0, 0, 0], [0, 8, 8, 0, 0, 0, 0], [0, 0, 8, 0, 0, 8, 8], [0, 0, 0, 0, 0, 0, 8], [0, 0, 0, 0, 0, 0, 0]], "output": [[0, 8, 1, 0, 0, 0, 0], [0, 8, 8, 0, 0, 0, 0], [0, 0, 0, 0, 0, 0, 0], [0, 8, 8, 0, 0, 0, 0], [0, 1, 8, 0, 0, 8, 8], [0, 0, 0, 0, 0, 1, 8], [0, 0, 0, 0, 0, 0, 0]]}, {"input": [[0, 0, 0, 0, 0, 0, 0], [0, 0, 0, 0, 0, 0, 0], [0, 0, 0, 0, 0, 0, 0], [0, 0, 0, 0, 0, 0, 0], [0, 0, 8, 0, 0, 0, 0], [0, 8, 8, 0, 0, 0, 0], [0, 0, 0, 0, 0, 0, 0]], "output": [[0, 0, 0, 0, 0, 0, 0], [0, 0, 0, 0, 0, 0, 0], [0, 0, 0, 0, 0, 0, 0], [0, 0, 0, 0, 0, 0, 0], [0, 1, 8, 0, 0, 0, 0], [0, 8, 8, 0, 0, 0, 0], [0, 0, 0, 0, 0, 0, 0]]}, {"input": [[0, 0, 0, 0, 0, 0, 0], [0, 0, 0, 0, 0, 0, 0], [0, 0, 0, 0, 0, 0, 0], [0, 0, 0, 0, 8, 0, 0], [0, 0, 0, 8, 8, 0, 0], [0, 0, 0, 0, 0, 0, 0], [0, 0, 0, 0, 0, 0, 0]], "output": [[0, 0, 0, 0, 0, 0, 0], [0, 0, 0, 0, 0, 0, 0], [0, 0, 0, 0, 0, 0, 0], [0, 0, 0, 1, 8, 0, 0], [0, 0, 0, 8, 8, 0, 0], [0, 0, 0, 0, 0, 0, 0], [0, 0, 0, 0, 0, 0, 0]]}, {"input": [[0, 0, 0, 0, 0, 0, 0], [0, 0, 0, 0, 0, 0, 0], [8, 0, 0, 0, 8, 0, 0], [8, 8, 0, 0, 8, 8, 0], [0, 0, 0, 0, 0, 0, 0], [0, 0, 8, 8, 0, 0, 0], [0, 0, 0, 8, 0, 0, 0]], "output": [[0, 0, 0, 0, 0, 0, 0], [0, 0, 0, 0, 0, 0, 0], [8, 1, 0, 0, 8, 1, 0], [8, 8, 0, 0, 8, 8, 0], [0, 0, 0, 0, 0, 0, 0], [0, 0, 8, 8, 0, 0, 0], [0, 0, 1, 8, 0, 0, 0]]}, {"input": [[0, 8, 0, 0, 0, 0, 0], [8, 8, 0, 0, 0, 0, 0], [0, 0, 0, 0, 0, 8, 0], [0, 0, 0, 0, 8, 8, 0], [8, 0, 0, 0, 0, 0, 0], [8, 8, 0, 0, 0, 0, 0], [0, 0, 0, 0, 0, 0, 0]], "output": [[1, 8, 0, 0, 0, 0, 0], [8, 8, 0, 0, 0, 0, 0], [0, 0, 0, 0, 1, 8, 0], [0, 0, 0, 0, 8, 8, 0], [8, 1, 0, 0, 0, 0, 0], [8, 8, 0, 0, 0, 0, 0], [0, 0, 0, 0, 0, 0, 0]]}, {"input": [[0, 0, 0, 0, 0, 0, 0], [0, 0, 0, 0, 8, 0, 0], [0, 0, 0, 0, 8, 8, 0], [0, 0, 0, 0, 0, 0, 0], [0, 0, 0, 0, 0, 0, 0], [0, 0, 0, 0, 0, 0, 0], [0, 0, 0, 0, 0, 0, 0]], "output": [[0, 0, 0, 0, 0, 0, 0], [0, 0, 0, 0, 8, 1, 0], [0, 0, 0, 0, 8, 8, 0], [0, 0, 0, 0, 0, 0, 0], [0, 0, 0, 0, 0, 0, 0], [0, 0, 0, 0, 0, 0, 0], [0, 0, 0, 0, 0, 0, 0]]}, {"input": [[0, 0, 0, 0, 0, 0, 0], [0, 0, 0, 8, 8, 0, 0], [0, 0, 0, 8, 0, 0, 0], [0, 0, 0, 0, 0, 0, 0], [0, 0, 0, 0, 0, 0, 0], [0, 0, 0, 8, 8, 0, 0], [0, 0, 0, 8, 0, 0, 0]], "output": [[0, 0, 0, 0, 0, 0, 0], [0, 0, 0, 8, 8, 0, 0], [0, 0, 0, 8, 1, 0, 0], [0, 0, 0, 0, 0, 0, 0], [0, 0, 0, 0, 0, 0, 0], [0, 0, 0, 8, 8, 0, 0], [0, 0, 0, 8, 1, 0, 0]]}, {"input": [[8, 0, 0, 0, 0, 0, 0], [8, 8, 0, 0, 0, 0, 0], [0, 0, 0, 0, 0, 0, 0], [0, 0, 0, 0, 0, 0, 0], [0, 0, 0, 0, 0, 8, 0], [0, 0, 0, 0, 8, 8, 0], [0, 0, 0, 0, 0, 0, 0]], "output": [[8, 1, 0, 0, 0, 0, 0], [8, 8, 0, 0, 0, 0, 0], [0, 0, 0, 0, 0, 0, 0], [0, 0, 0, 0, 0, 0, 0], [0, 0, 0, 0, 1, 8, 0], [0, 0, 0, 0, 8, 8, 0], [0, 0, 0, 0, 0, 0, 0]]}, {"input": [[0, 8, 0, 0, 0, 0, 0], [0, 8, 8, 0, 8, 0, 0], [0, 0, 0, 0, 8, 8, 0], [0, 0, 0, 0, 0, 0, 0], [8, 8, 0, 0, 0, 0, 0], [8, 0, 0, 0, 0, 0, 0], [0, 0, 0, 0, 0, 0, 0]], "output": [[0, 8, 1, 0, 0, 0, 0], [0, 8, 8, 0, 8, 1, 0], [0, 0, 0, 0, 8, 8, 0], [0, 0, 0, 0, 0, 0, 0], [8, 8, 0, 0, 0, 0, 0], [8, 1, 0, 0, 0, 0, 0], [0, 0, 0, 0, 0, 0, 0]]}, {"input": [[0, 0, 0, 0, 0, 0, 0], [0, 0, 0, 0, 0, 0, 0], [0, 0, 0, 0, 0, 0, 0], [0, 8, 0, 8, 0, 0, 0], [8, 8, 0, 8, 8, 0, 0], [0, 0, 0, 0, 0, 0, 0], [0, 0, 0, 0, 0, 0, 0]], "output": [[0, 0, 0, 0, 0, 0, 0], [0, 0, 0, 0, 0, 0, 0], [0, 0, 0, 0, 0, 0, 0], [1, 8, 0, 8, 1, 0, 0], [8, 8, 0, 8, 8, 0, 0], [0, 0, 0, 0, 0, 0, 0], [0, 0, 0, 0, 0, 0, 0]]}, {"input": [[0, 0, 0, 0, 0, 0, 8], [0, 0, 0, 0, 0, 8, 8], [0, 0, 0, 0, 0, 0, 0], [0, 0, 0, 0, 0, 0, 8], [8, 8, 0, 0, 0, 8, 8], [0, 8, 0, 0, 0, 0, 0], [0, 0, 0, 0, 0, 0, 0]], "output": [[0, 0, 0, 0, 0, 1, 8], [0, 0, 0, 0, 0, 8, 8], [0, 0, 0, 0, 0, 0, 0], [0, 0, 0, 0, 0, 1, 8], [8, 8, 0, 0, 0, 8, 8], [1, 8, 0, 0, 0, 0, 0], [0, 0, 0, 0, 0, 0, 0]]}, {"input": [[0, 0, 0, 0, 0, 0, 0], [0, 0, 0, 0, 0, 0, 0], [0, 8, 0, 0, 0, 0, 8], [8, 8, 0, 0, 0, 8, 8], [0, 0, 0, 0, 0, 0, 0], [8, 8, 0, 0, 0, 0, 0], [8, 0, 0, 0, 0, 0, 0]], "output": [[0, 0, 0, 0, 0, 0, 0], [0, 0, 0, 0, 0, 0, 0], [1, 8, 0, 0, 0, 1, 8], [8, 8, 0, 0, 0, 8, 8], [0, 0, 0, 0, 0, 0, 0], [8, 8, 0, 0, 0, 0, 0], [8, 1, 0, 0, 0, 0, 0]]}, {"input": [[0, 0, 0, 0, 0, 0, 0], [8, 8, 0, 0, 0, 0, 0], [8, 0, 0, 0, 0, 0, 0], [0, 0, 0, 0, 0, 0, 0], [0, 0, 0, 0, 0, 0, 0], [0, 0, 0, 0, 0, 0, 0], [0, 0, 0, 0, 0, 0, 0]], "output": [[0, 0, 0, 0, 0, 0, 0], [8, 8, 0, 0, 0, 0, 0], [8, 1, 0, 0, 0, 0, 0], [0, 0, 0, 0, 0, 0, 0], [0, 0, 0, 0, 0, 0, 0], [0, 0, 0, 0, 0, 0, 0], [0, 0, 0, 0, 0, 0, 0]]}, {"input": [[0, 0, 0, 0, 0, 0, 0], [0, 8, 0, 0, 0, 0, 0], [0, 8, 8, 0, 0, 0, 0], [0, 0, 0, 0, 0, 0, 0], [0, 0, 0, 8, 0, 0, 0], [0, 0, 8, 8, 0, 0, 0], [0, 0, 0, 0, 0, 0, 0]], "output": [[0, 0, 0, 0, 0, 0, 0], [0, 8, 1, 0, 0, 0, 0], [0, 8, 8, 0, 0, 0, 0], [0, 0, 0, 0, 0, 0, 0], [0, 0, 1, 8, 0, 0, 0], [0, 0, 8, 8, 0, 0, 0], [0, 0, 0, 0, 0, 0, 0]]}, {"input": [[0, 0, 0, 0, 0, 0, 0], [0, 0, 0, 0, 0, 0, 0], [0, 0, 0, 0, 0, 0, 0], [0, 0, 0, 8, 8, 0, 0], [0, 0, 0, 8, 0, 0, 0], [0, 0, 0, 0, 0, 0, 0], [0, 0, 0, 0, 0, 0, 0]], "output": [[0, 0, 0, 0, 0, 0, 0], [0, 0, 0, 0, 0, 0, 0], [0, 0, 0, 0, 0, 0, 0], [0, 0, 0, 8, 8, 0, 0], [0, 0, 0, 8, 1, 0, 0], [0, 0, 0, 0, 0, 0, 0], [0, 0, 0, 0, 0, 0, 0]]}, {"input": [[0, 0, 0, 0, 0, 0, 0], [0, 0, 0, 0, 0, 0, 8], [0, 0, 0, 0, 0, 8, 8], [8, 8, 0, 0, 0, 0, 0], [8, 0, 0, 0, 0, 0, 0], [0, 0, 8, 0, 0, 0, 0], [0, 0, 8, 8, 0, 0, 0]], "output": [[0, 0, 0, 0, 0, 0, 0], [0, 0, 0, 0, 0, 1, 8], [0, 0, 0, 0, 0, 8, 8], [8, 8, 0, 0, 0, 0, 0], [8, 1, 0, 0, 0, 0, 0], [0, 0, 8, 1, 0, 0, 0], [0, 0, 8, 8, 0, 0, 0]]}, {"input": [[0, 0, 0, 0, 8, 0, 0], [0, 0, 0, 8, 8, 0, 0], [0, 0, 0, 0, 0, 0, 0], [0, 0, 0, 0, 0, 0, 0], [0, 0, 0, 0, 0, 0, 0], [0, 0, 0, 0, 0, 0, 0], [0, 0, 0, 0, 0, 0, 0]], "output": [[0, 0, 0, 1, 8, 0, 0], [0, 0, 0, 8, 8, 0, 0], [0, 0, 0, 0, 0, 0, 0], [0, 0, 0, 0, 0, 0, 0], [0, 0, 0, 0, 0, 0, 0], [0, 0, 0, 0, 0, 0, 0], [0, 0, 0, 0, 0, 0, 0]]}, {"input": [[0, 0, 0, 0, 0, 0, 0], [0, 0, 0, 0, 0, 0, 0], [0, 0, 0, 0, 0, 0, 0], [0, 0, 0, 0, 0, 0, 0], [0, 0, 0, 0, 0, 0, 0], [0, 0, 0, 0, 0, 8, 0], [0, 0, 0, 0, 8, 8, 0]], "output": [[0, 0, 0, 0, 0, 0, 0], [0, 0, 0, 0, 0, 0, 0], [0, 0, 0, 0, 0, 0, 0], [0, 0, 0, 0, 0, 0, 0], [0, 0, 0, 0, 0, 0, 0], [0, 0, 0, 0, 1, 8, 0], [0, 0, 0, 0, 8, 8, 0]]}, {"input": [[0, 8, 8, 0, 0, 0, 0], [0, 8, 0, 0, 0, 0, 0], [0, 0, 0, 0, 8, 8, 0], [0, 0, 0, 0, 0, 8, 0], [0, 8, 8, 0, 0, 0, 0], [0, 0, 8, 0, 0, 0, 0], [0, 0, 0, 0, 0, 0, 0]], "output": [[0, 8, 8, 0, 0, 0, 0], [0, 8, 1, 0, 0, 0, 0], [0, 0, 0, 0, 8, 8, 0], [0, 0, 0, 0, 1, 8, 0], [0, 8, 8, 0, 0, 0, 0], [0, 1, 8, 0, 0, 0, 0], [0, 0, 0, 0, 0, 0, 0]]}, {"input": [[0, 0, 0, 0, 0, 0, 0], [0, 0, 0, 0, 0, 8, 0], [0, 0, 0, 0, 0, 8, 8], [0, 0, 0, 0, 0, 0, 0], [0, 0, 0, 0, 0, 0, 0], [0, 0, 8, 0, 0, 0, 0], [0, 8, 8, 0, 0, 0, 0]], "output": [[0, 0, 0, 0, 0, 0, 0], [0, 0, 0, 0, 0, 8, 1], [0, 0, 0, 0, 0, 8, 8], [0, 0, 0, 0, 0, 0, 0], [0, 0, 0, 0, 0, 0, 0], [0, 1, 8, 0, 0, 0, 0], [0, 8, 8, 0, 0, 0, 0]]}, {"input": [[8, 8, 0, 0, 0, 0, 0], [0, 8, 0, 0, 0, 0, 0], [0, 0, 0, 0, 0, 0, 0], [0, 0, 0, 0, 0, 0, 0], [0, 8, 8, 0, 0, 0, 0], [0, 8, 0, 0, 0, 0, 0], [0, 0, 0, 0, 0, 0, 0]], "output": [[8, 8, 0, 0, 0, 0, 0], [1, 8, 0, 0, 0, 0, 0], [0, 0, 0, 0, 0, 0, 0], [0, 0, 0, 0, 0, 0, 0], [0, 8, 8, 0, 0, 0, 0], [0, 8, 1, 0, 0, 0, 0], [0, 0, 0, 0, 0, 0, 0]]}, {"input": [[0, 0, 0, 0, 0, 0, 0], [0, 8, 8, 0, 0, 0, 0], [0, 8, 0, 0, 0, 8, 0], [0, 0, 0, 0, 8, 8, 0], [0, 0, 0, 0, 0, 0, 0], [0, 0, 0, 0, 0, 0, 0], [0, 0, 0, 0, 0, 0, 0]], "output": [[0, 0, 0, 0, 0, 0, 0], [0, 8, 8, 0, 0, 0, 0], [0, 8, 1, 0, 1, 8, 0], [0, 0, 0, 0, 8, 8, 0], [0, 0, 0, 0, 0, 0, 0], [0, 0, 0, 0, 0, 0, 0], [0, 0, 0, 0, 0, 0, 0]]}, {"input": [[0, 0, 0, 0, 0, 0, 0], [8, 8, 0, 0, 0, 8, 0], [8, 0, 0, 0, 8, 8, 0], [0, 0, 0, 0, 0, 0, 0], [0, 0, 0, 0, 8, 8, 0], [0, 8, 8, 0, 8, 0, 0], [0, 8, 0, 0, 0, 0, 0]], "output": [[0, 0, 0, 0, 0, 0, 0], [8, 8, 0, 0, 1, 8, 0], [8, 1, 0, 0, 8, 8, 0], [0, 0, 0, 0, 0, 0, 0], [0, 0, 0, 0, 8, 8, 0], [0, 8, 8, 0, 8, 1, 0], [0, 8, 1, 0, 0, 0, 0]]}, {"input": [[8, 8, 0, 0, 8, 0, 0], [0, 8, 0, 0, 8, 8, 0], [0, 0, 0, 0, 0, 0, 0], [0, 0, 0, 0, 8, 0, 0], [0, 0, 0, 0, 8, 8, 0], [0, 0, 0, 0, 0, 0, 0], [0, 0, 0, 0, 0, 0, 0]], "output": [[8, 8, 0, 0, 8, 1, 0], [1, 8, 0, 0, 8, 8, 0], [0, 0, 0, 0, 0, 0, 0], [0, 0, 0, 0, 8, 1, 0], [0, 0, 0, 0, 8, 8, 0], [0, 0, 0, 0, 0, 0, 0], [0, 0, 0, 0, 0, 0, 0]]}, {"input": [[0, 0, 0, 0, 0, 0, 0], [0, 0, 0, 8, 8, 0, 0], [0, 0, 0, 0, 8, 0, 0], [0, 0, 0, 0, 0, 0, 0], [0, 0, 8, 8, 0, 0, 0], [0, 0, 8, 0, 0, 0, 0], [0, 0, 0, 0, 0, 0, 0]], "output": [[0, 0, 0, 0, 0, 0, 0], [0, 0, 0, 8, 8, 0, 0], [0, 0, 0, 1, 8, 0, 0], [0, 0, 0, 0, 0, 0, 0], [0, 0, 8, 8, 0, 0, 0], [0, 0, 8, 1, 0, 0, 0], [0, 0, 0, 0, 0, 0, 0]]}, {"input": [[0, 0, 8, 8, 0, 0, 0], [0, 0, 8, 0, 0, 0, 0], [0, 0, 0, 0, 0, 0, 0], [8, 0, 0, 0, 0, 0, 0], [8, 8, 0, 0, 0, 0, 0], [0, 0, 0, 0, 8, 8, 0], [0, 0, 0, 0, 0, 8, 0]], "output": [[0, 0, 8, 8, 0, 0, 0], [0, 0, 8, 1, 0, 0, 0], [0, 0, 0, 0, 0, 0, 0], [8, 1, 0, 0, 0, 0, 0], [8, 8, 0, 0, 0, 0, 0], [0, 0, 0, 0, 8, 8, 0], [0, 0, 0, 0, 1, 8, 0]]}, {"input": [[0, 0, 8, 8, 0, 0, 0], [0, 0, 0, 8, 0, 0, 0], [0, 0, 0, 0, 0, 0, 0], [0, 8, 8, 0, 0, 0, 0], [0, 0, 8, 0, 0, 0, 0], [0, 0, 0, 0, 0, 0, 0], [0, 0, 0, 0, 0, 0, 0]], "output": [[0, 0, 8, 8, 0, 0, 0], [0, 0, 1, 8, 0, 0, 0], [0, 0, 0, 0, 0, 0, 0], [0, 8, 8, 0, 0, 0, 0], [0, 1, 8, 0, 0, 0, 0], [0, 0, 0, 0, 0, 0, 0], [0, 0, 0, 0, 0, 0, 0]]}, {"input": [[0, 0, 0, 0, 0, 0, 0], [0, 0, 0, 0, 0, 8, 8], [0, 0, 0, 0, 0, 8, 0], [0, 0, 0, 0, 0, 0, 0], [0, 0, 0, 8, 0, 0, 0], [0, 0, 8, 8, 0, 0, 0], [0, 0, 0, 0, 0, 0, 0]], "output": [[0, 0, 0, 0, 0, 0, 0], [0, 0, 0, 0, 0, 8, 8], [0, 0, 0, 0, 0, 8, 1], [0, 0, 0, 0, 0, 0, 0], [0, 0, 1, 8, 0, 0, 0], [0, 0, 8, 8, 0, 0, 0], [0, 0, 0, 0, 0, 0, 0]]}, {"input": [[0, 0, 0, 0, 0, 0, 0], [0, 0, 0, 0, 0, 0, 0], [8, 8, 0, 0, 0, 0, 0], [8, 0, 0, 0, 0, 0, 0], [0, 0, 0, 0, 0, 0, 0], [0, 0, 0, 0, 0, 0, 0], [0, 0, 0, 0, 0, 0, 0]], "output": [[0, 0, 0, 0, 0, 0, 0], [0, 0, 0, 0, 0, 0, 0], [8, 8, 0, 0, 0, 0, 0], [8, 1, 0, 0, 0, 0, 0], [0, 0, 0, 0, 0, 0, 0], [0, 0, 0, 0, 0, 0, 0], [0, 0, 0, 0, 0, 0, 0]]}, {"input": [[0, 0, 0, 0, 0, 0, 0], [8, 8, 0, 0, 0, 0, 0], [0, 8, 0, 8, 0, 0, 0], [0, 0, 0, 8, 8, 0, 0], [0, 0, 0, 0, 0, 0, 0], [0, 0, 0, 0, 0, 0, 0], [0, 0, 0, 0, 0, 0, 0]], "output": [[0, 0, 0, 0, 0, 0, 0], [8, 8, 0, 0, 0, 0, 0], [1, 8, 0, 8, 1, 0, 0], [0, 0, 0, 8, 8, 0, 0], [0, 0, 0, 0, 0, 0, 0], [0, 0, 0, 0, 0, 0, 0], [0, 0, 0, 0, 0, 0, 0]]}, {"input": [[0, 0, 0, 0, 0, 8, 8], [0, 0, 0, 0, 0, 0, 8], [0, 0, 0, 0, 0, 0, 0], [0, 0, 0, 0, 0, 0, 0], [0, 0, 0, 0, 0, 0, 0], [0, 0, 0, 0, 0, 0, 0], [0, 0, 0, 0, 0, 0, 0]], "output": [[0, 0, 0, 0, 0, 8, 8], [0, 0, 0, 0, 0, 1, 8], [0, 0, 0, 0, 0, 0, 0], [0, 0, 0, 0, 0, 0, 0], [0, 0, 0, 0, 0, 0, 0], [0, 0, 0, 0, 0, 0, 0], [0, 0, 0, 0, 0, 0, 0]]}, {"input": [[0, 0, 0, 0, 0, 0, 0], [0, 0, 0, 0, 0, 0, 0], [0, 8, 8, 0, 0, 0, 0], [0, 0, 8, 0, 0, 0, 0], [0, 0, 0, 0, 8, 0, 0], [0, 0, 0, 8, 8, 0, 0], [0, 0, 0, 0, 0, 0, 0]], "output": [[0, 0, 0, 0, 0, 0, 0], [0, 0, 0, 0, 0, 0, 0], [0, 8, 8, 0, 0, 0, 0], [0, 1, 8, 0, 0, 0, 0], [0, 0, 0, 1, 8, 0, 0], [0, 0, 0, 8, 8, 0, 0], [0, 0, 0, 0, 0, 0, 0]]}, {"input": [[0, 8, 8, 0, 0, 8, 0], [0, 8, 0, 0, 8, 8, 0], [0, 0, 0, 0, 0, 0, 0], [0, 0, 0, 0, 0, 0, 0], [0, 8, 8, 0, 0, 0, 0], [0, 0, 8, 0, 0, 8, 0], [0, 0, 0, 0, 8, 8, 0]], "output": [[0, 8, 8, 0, 1, 8, 0], [0, 8, 1, 0, 8, 8, 0], [0, 0, 0, 0, 0, 0, 0], [0, 0, 0, 0, 0, 0, 0], [0, 8, 8, 0, 0, 0, 0], [0, 1, 8, 0, 1, 8, 0], [0, 0, 0, 0, 8, 8, 0]]}, {"input": [[0, 0, 0, 0, 0, 0, 0], [0, 0, 0, 0, 0, 0, 0], [0, 8, 0, 0, 0, 0, 0], [8, 8, 0, 0, 0, 0, 0], [0, 0, 0, 0, 0, 8, 8], [0, 8, 8, 0, 0, 0, 8], [0, 8, 0, 0, 0, 0, 0]], "output": [[0, 0, 0, 0, 0, 0, 0], [0, 0, 0, 0, 0, 0, 0], [1, 8, 0, 0, 0, 0, 0], [8, 8, 0, 0, 0, 0, 0], [0, 0, 0, 0, 0, 8, 8], [0, 8, 8, 0, 0, 1, 8], [0, 8, 1, 0, 0, 0, 0]]}, {"input": [[0, 0, 0, 0, 8, 8, 0], [0, 0, 0, 0, 8, 0, 0], [0, 0, 0, 0, 0, 0, 8], [8, 8, 0, 0, 0, 8, 8], [8, 0, 0, 0, 0, 0, 0], [0, 0, 0, 0, 0, 0, 0], [0, 0, 0, 0, 0, 0, 0]], "output": [[0, 0, 0, 0, 8, 8, 0], [0, 0, 0, 0, 8, 1, 0], [0, 0, 0, 0, 0, 1, 8], [8, 8, 0, 0, 0, 8, 8], [8, 1, 0, 0, 0, 0, 0], [0, 0, 0, 0, 0, 0, 0], [0, 0, 0, 0, 0, 0, 0]]}, {"input": [[0, 0, 0, 0, 0, 0, 0], [0, 0, 0, 0, 0, 0, 0], [0, 0, 0, 0, 8, 0, 0], [0, 0, 0, 0, 8, 8, 0], [0, 0, 0, 0, 0, 0, 0], [0, 0, 8, 0, 8, 0, 0], [0, 8, 8, 0, 8, 8, 0]], "output": [[0, 0, 0, 0, 0, 0, 0], [0, 0, 0, 0, 0, 0, 0], [0, 0, 0, 0, 8, 1, 0], [0, 0, 0, 0, 8, 8, 0], [0, 0, 0, 0, 0, 0, 0], [0, 1, 8, 0, 8, 1, 0], [0, 8, 8, 0, 8, 8, 0]]}, {"input": [[0, 8, 8, 0, 0, 8, 0], [0, 8, 0, 0, 0, 8, 8], [0, 0, 0, 0, 0, 0, 0], [0, 0, 8, 8, 0, 0, 0], [0, 0, 8, 0, 0, 0, 0], [0, 0, 0, 0, 0, 8, 0], [0, 0, 0, 0, 8, 8, 0]], "output": [[0, 8, 8, 0, 0, 8, 1], [0, 8, 1, 0, 0, 8, 8], [0, 0, 0, 0, 0, 0, 0], [0, 0, 8, 8, 0, 0, 0], [0, 0, 8, 1, 0, 0, 0], [0, 0, 0, 0, 1, 8, 0], [0, 0, 0, 0, 8, 8, 0]]}, {"input": [[0, 0, 0, 0, 0, 0, 0], [0, 0, 0, 0, 0, 0, 0], [0, 0, 0, 0, 0, 0, 0], [0, 0, 0, 0, 0, 0, 0], [0, 0, 0, 8, 0, 0, 0], [0, 0, 8, 8, 0, 8, 8], [0, 0, 0, 0, 0, 8, 0]], "output": [[0, 0, 0, 0, 0, 0, 0], [0, 0, 0, 0, 0, 0, 0], [0, 0, 0, 0, 0, 0, 0], [0, 0, 0, 0, 0, 0, 0], [0, 0, 1, 8, 0, 0, 0], [0, 0, 8, 8, 0, 8, 8], [0, 0, 0, 0, 0, 8, 1]]}, {"input": [[0, 0, 0, 0, 0, 0, 0], [0, 0, 0, 0, 0, 0, 0], [0, 0, 0, 0, 0, 0, 0], [0, 0, 0, 0, 0, 0, 0], [0, 8, 8, 0, 8, 0, 0], [0, 8, 0, 0, 8, 8, 0], [0, 0, 0, 0, 0, 0, 0]], "output": [[0, 0, 0, 0, 0, 0, 0], [0, 0, 0, 0, 0, 0, 0], [0, 0, 0, 0, 0, 0, 0], [0, 0, 0, 0, 0, 0, 0], [0, 8, 8, 0, 8, 1, 0], [0, 8, 1, 0, 8, 8, 0], [0, 0, 0, 0, 0, 0, 0]]}, {"input": [[8, 8, 0, 0, 0, 0, 0], [8, 0, 0, 0, 0, 0, 0], [0, 0, 0, 0, 0, 0, 0], [0, 0, 0, 0, 0, 0, 0], [0, 0, 0, 0, 8, 0, 0], [0, 0, 0, 8, 8, 0, 0], [0, 0, 0, 0, 0, 0, 0]], "output": [[8, 8, 0, 0, 0, 0, 0], [8, 1, 0, 0, 0, 0, 0], [0, 0, 0, 0, 0, 0, 0], [0, 0, 0, 0, 0, 0, 0], [0, 0, 0, 1, 8, 0, 0], [0, 0, 0, 8, 8, 0, 0], [0, 0, 0, 0, 0, 0, 0]]}, {"input": [[0, 0, 8, 0, 0, 0, 8], [0, 0, 8, 8, 0, 8, 8], [8, 0, 0, 0, 0, 0, 0], [8, 8, 0, 0, 0, 0, 0], [0, 0, 0, 0, 0, 0, 0], [0, 0, 0, 0, 8, 0, 0], [0, 0, 0, 0, 8, 8, 0]], "output": [[0, 0, 8, 1, 0, 1, 8], [0, 0, 8, 8, 0, 8, 8], [8, 1, 0, 0, 0, 0, 0], [8, 8, 0, 0, 0, 0, 0], [0, 0, 0, 0, 0, 0, 0], [0, 0, 0, 0, 8, 1, 0], [0, 0, 0, 0, 8, 8, 0]]}, {"input": [[0, 0, 0, 0, 0, 0, 0], [0, 0, 0, 0, 0, 0, 0], [0, 0, 0, 0, 0, 0, 0], [0, 0, 0, 0, 0, 0, 0], [0, 0, 0, 0, 0, 0, 0], [0, 8, 8, 0, 0, 0, 0], [0, 0, 8, 0, 0, 0, 0]], "output": [[0, 0, 0, 0, 0, 0, 0], [0, 0, 0, 0, 0, 0, 0], [0, 0, 0, 0, 0, 0, 0], [0, 0, 0, 0, 0, 0, 0], [0, 0, 0, 0, 0, 0, 0], [0, 8, 8, 0, 0, 0, 0], [0, 1, 8, 0, 0, 0, 0]]}, {"input": [[0, 0, 0, 0, 0, 0, 0], [0, 0, 8, 0, 0, 0, 0], [0, 0, 8, 8, 0, 0, 0], [0, 0, 0, 0, 0, 8, 0], [0, 0, 0, 0, 0, 8, 8], [0, 0, 0, 0, 0, 0, 0], [0, 0, 0, 0, 0, 0, 0]], "output": [[0, 0, 0, 0, 0, 0, 0], [0, 0, 8, 1, 0, 0, 0], [0, 0, 8, 8, 0, 0, 0], [0, 0, 0, 0, 0, 8, 1], [0, 0, 0, 0, 0, 8, 8], [0, 0, 0, 0, 0, 0, 0], [0, 0, 0, 0, 0, 0, 0]]}, {"input": [[0, 0, 0, 0, 0, 0, 0], [8, 8, 0, 0, 8, 8, 0], [0, 8, 0, 0, 0, 8, 0], [0, 0, 0, 0, 0, 0, 0], [0, 0, 0, 8, 8, 0, 0], [8, 8, 0, 0, 8, 0, 0], [0, 8, 0, 0, 0, 0, 0]], "output": [[0, 0, 0, 0, 0, 0, 0], [8, 8, 0, 0, 8, 8, 0], [1, 8, 0, 0, 1, 8, 0], [0, 0, 0, 0, 0, 0, 0], [0, 0, 0, 8, 8, 0, 0], [8, 8, 0, 1, 8, 0, 0], [1, 8, 0, 0, 0, 0, 0]]}, {"input": [[0, 0, 0, 0, 0, 0, 0], [0, 0, 0, 8, 8, 0, 0], [0, 0, 0, 8, 0, 0, 0], [0, 0, 0, 0, 0, 0, 0], [0, 0, 0, 0, 0, 0, 0], [0, 0, 0, 0, 0, 0, 0], [0, 0, 0, 0, 0, 0, 0]], "output": [[0, 0, 0, 0, 0, 0, 0], [0, 0, 0, 8, 8, 0, 0], [0, 0, 0, 8, 1, 0, 0], [0, 0, 0, 0, 0, 0, 0], [0, 0, 0, 0, 0, 0, 0], [0, 0, 0, 0, 0, 0, 0], [0, 0, 0, 0, 0, 0, 0]]}, {"input": [[8, 0, 0, 0, 0, 0, 0], [8, 8, 0, 0, 0, 0, 0], [0, 0, 0, 0, 0, 0, 0], [0, 0, 8, 8, 0, 0, 0], [0, 0, 8, 0, 0, 8, 0], [0, 0, 0, 0, 0, 8, 8], [0, 0, 0, 0, 0, 0, 0]], "output": [[8, 1, 0, 0, 0, 0, 0], [8, 8, 0, 0, 0, 0, 0], [0, 0, 0, 0, 0, 0, 0], [0, 0, 8, 8, 0, 0, 0], [0, 0, 8, 1, 0, 8, 1], [0, 0, 0, 0, 0, 8, 8], [0, 0, 0, 0, 0, 0, 0]]}, {"input": [[0, 0, 0, 0, 0, 0, 0], [0, 0, 0, 0, 0, 0, 0], [0, 0, 0, 0, 0, 0, 0], [0, 0, 8, 8, 0, 0, 0], [0, 0, 0, 8, 0, 0, 0], [0, 0, 0, 0, 0, 0, 0], [0, 0, 0, 0, 0, 0, 0]], "output": [[0, 0, 0, 0, 0, 0, 0], [0, 0, 0, 0, 0, 0, 0], [0, 0, 0, 0, 0, 0, 0], [0, 0, 8, 8, 0, 0, 0], [0, 0, 1, 8, 0, 0, 0], [0, 0, 0, 0, 0, 0, 0], [0, 0, 0, 0, 0, 0, 0]]}, {"input": [[0, 0, 0, 0, 0, 0, 0], [0, 0, 0, 0, 0, 0, 0], [0, 0, 8, 0, 0, 0, 0], [0, 0, 8, 8, 0, 0, 0], [0, 0, 0, 0, 0, 0, 0], [0, 0, 0, 0, 0, 0, 0], [0, 0, 0, 0, 0, 0, 0]], "output": [[0, 0, 0, 0, 0, 0, 0], [0, 0, 0, 0, 0, 0, 0], [0, 0, 8, 1, 0, 0, 0], [0, 0, 8, 8, 0, 0, 0], [0, 0, 0, 0, 0, 0, 0], [0, 0, 0, 0, 0, 0, 0], [0, 0, 0, 0, 0, 0, 0]]}, {"input": [[0, 0, 0, 0, 0, 0, 0], [0, 0, 0, 0, 0, 8, 8], [8, 0, 0, 0, 0, 8, 0], [8, 8, 0, 0, 0, 0, 0], [0, 0, 0, 0, 0, 0, 0], [0, 0, 0, 0, 0, 0, 0], [0, 0, 0, 0, 0, 0, 0]], "output": [[0, 0, 0, 0, 0, 0, 0], [0, 0, 0, 0, 0, 8, 8], [8, 1, 0, 0, 0, 8, 1], [8, 8, 0, 0, 0, 0, 0], [0, 0, 0, 0, 0, 0, 0], [0, 0, 0, 0, 0, 0, 0], [0, 0, 0, 0, 0, 0, 0]]}, {"input": [[0, 0, 0, 0, 0, 0, 0], [8, 8, 0, 0, 0, 8, 0], [0, 8, 0, 0, 0, 8, 8], [0, 0, 0, 0, 0, 0, 0], [0, 0, 8, 8, 0, 0, 0], [0, 0, 8, 0, 0, 0, 0], [0, 0, 0, 0, 0, 0, 0]], "output": [[0, 0, 0, 0, 0, 0, 0], [8, 8, 0, 0, 0, 8, 1], [1, 8, 0, 0, 0, 8, 8], [0, 0, 0, 0, 0, 0, 0], [0, 0, 8, 8, 0, 0, 0], [0, 0, 8, 1, 0, 0, 0], [0, 0, 0, 0, 0, 0, 0]]}, {"input": [[0, 0, 0, 0, 0, 0, 0], [0, 0, 0, 8, 8, 0, 0], [0, 0, 0, 8, 0, 0, 0], [0, 0, 0, 0, 0, 0, 0], [0, 0, 0, 0, 0, 0, 0], [0, 8, 8, 0, 0, 0, 0], [0, 0, 8, 0, 0, 0, 0]], "output": [[0, 0, 0, 0, 0, 0, 0], [0, 0, 0, 8, 8, 0, 0], [0, 0, 0, 8, 1, 0, 0], [0, 0, 0, 0, 0, 0, 0], [0, 0, 0, 0, 0, 0, 0], [0, 8, 8, 0, 0, 0, 0], [0, 1, 8, 0, 0, 0, 0]]}, {"input": [[0, 0, 0, 0, 0, 0, 0], [0, 0, 0, 0, 0, 0, 0], [0, 0, 0, 0, 0, 0, 0], [0, 0, 0, 8, 0, 0, 0], [0, 0, 0, 8, 8, 0, 0], [0, 0, 0, 0, 0, 0, 0], [0, 0, 0, 0, 0, 0, 0]], "output": [[0, 0, 0, 0, 0, 0, 0], [0, 0, 0, 0, 0, 0, 0], [0, 0, 0, 0, 0, 0, 0], [0, 0, 0, 8, 1, 0, 0], [0, 0, 0, 8, 8, 0, 0], [0, 0, 0, 0, 0, 0, 0], [0, 0, 0, 0, 0, 0, 0]]}, {"input": [[0, 0, 0, 0, 0, 0, 0], [0, 8, 0, 8, 8, 0, 0], [8, 8, 0, 8, 0, 0, 0], [0, 0, 0, 0, 0, 8, 0], [0, 0, 0, 0, 0, 8, 8], [8, 8, 0, 0, 0, 0, 0], [8, 0, 0, 0, 0, 0, 0]], "output": [[0, 0, 0, 0, 0, 0, 0], [1, 8, 0, 8, 8, 0, 0], [8, 8, 0, 8, 1, 0, 0], [0, 0, 0, 0, 0, 8, 1], [0, 0, 0, 0, 0, 8, 8], [8, 8, 0, 0, 0, 0, 0], [8, 1, 0, 0, 0, 0, 0]]}, {"input": [[0, 0, 0, 0, 0, 0, 0], [0, 0, 0, 0, 0, 0, 0], [0, 0, 0, 0, 0, 8, 0], [0, 0, 0, 0, 8, 8, 0], [0, 0, 0, 0, 0, 0, 0], [0, 0, 0, 0, 0, 8, 8], [0, 0, 0, 0, 0, 8, 0]], "output": [[0, 0, 0, 0, 0, 0, 0], [0, 0, 0, 0, 0, 0, 0], [0, 0, 0, 0, 1, 8, 0], [0, 0, 0, 0, 8, 8, 0], [0, 0, 0, 0, 0, 0, 0], [0, 0, 0, 0, 0, 8, 8], [0, 0, 0, 0, 0, 8, 1]]}, {"input": [[0, 0, 0, 0, 0, 0, 0], [8, 8, 0, 8, 8, 0, 0], [8, 0, 0, 8, 0, 0, 0], [0, 0, 0, 0, 0, 0, 0], [0, 0, 0, 0, 8, 8, 0], [0, 0, 0, 0, 0, 8, 0], [0, 0, 0, 0, 0, 0, 0]], "output": [[0, 0, 0, 0, 0, 0, 0], [8, 8, 0, 8, 8, 0, 0], [8, 1, 0, 8, 1, 0, 0], [0, 0, 0, 0, 0, 0, 0], [0, 0, 0, 0, 8, 8, 0], [0, 0, 0, 0, 1, 8, 0], [0, 0, 0, 0, 0, 0, 0]]}, {"input": [[0, 0, 8, 8, 0, 0, 0], [0, 0, 8, 0, 0, 0, 0], [0, 0, 0, 0, 0, 0, 0], [0, 0, 0, 0, 0, 0, 0], [0, 0, 0, 0, 0, 0, 0], [8, 8, 0, 0, 0, 0, 0], [0, 8, 0, 0, 0, 0, 0]], "output": [[0, 0, 8, 8, 0, 0, 0], [0, 0, 8, 1, 0, 0, 0], [0, 0, 0, 0, 0, 0, 0], [0, 0, 0, 0, 0, 0, 0], [0, 0, 0, 0, 0, 0, 0], [8, 8, 0, 0, 0, 0, 0], [1, 8, 0, 0, 0, 0, 0]]}, {"input": [[0, 0, 0, 0, 0, 0, 0], [0, 0, 0, 0, 0, 0, 0], [0, 0, 0, 0, 8, 8, 0], [0, 0, 8, 0, 8, 0, 0], [0, 8, 8, 0, 0, 0, 0], [0, 0, 0, 0, 0, 0, 8], [0, 0, 0, 0, 0, 8, 8]], "output": [[0, 0, 0, 0, 0, 0, 0], [0, 0, 0, 0, 0, 0, 0], [0, 0, 0, 0, 8, 8, 0], [0, 1, 8, 0, 8, 1, 0], [0, 8, 8, 0, 0, 0, 0], [0, 0, 0, 0, 0, 1, 8], [0, 0, 0, 0, 0, 8, 8]]}, {"input": [[8, 0, 0, 8, 0, 0, 0], [8, 8, 0, 8, 8, 0, 0], [0, 0, 0, 0, 0, 0, 0], [0, 0, 0, 0, 0, 0, 0], [0, 0, 0, 0, 8, 8, 0], [0, 0, 8, 0, 0, 8, 0], [0, 8, 8, 0, 0, 0, 0]], "output": [[8, 1, 0, 8, 1, 0, 0], [8, 8, 0, 8, 8, 0, 0], [0, 0, 0, 0, 0, 0, 0], [0, 0, 0, 0, 0, 0, 0], [0, 0, 0, 0, 8, 8, 0], [0, 1, 8, 0, 1, 8, 0], [0, 8, 8, 0, 0, 0, 0]]}, {"input": [[0, 8, 8, 0, 0, 0, 0], [0, 0, 8, 0, 0, 0, 0], [0, 0, 0, 0, 0, 0, 0], [0, 0, 0, 0, 0, 0, 0], [0, 0, 0, 0, 0, 0, 0], [0, 0, 0, 0, 0, 0, 0], [0, 0, 0, 0, 0, 0, 0]], "output": [[0, 8, 8, 0, 0, 0, 0], [0, 1, 8, 0, 0, 0, 0], [0, 0, 0, 0, 0, 0, 0], [0, 0, 0, 0, 0, 0, 0], [0, 0, 0, 0, 0, 0, 0], [0, 0, 0, 0, 0, 0, 0], [0, 0, 0, 0, 0, 0, 0]]}, {"input": [[0, 0, 0, 0, 0, 0, 0], [0, 0, 0, 0, 0, 0, 0], [0, 0, 0, 0, 0, 0, 0], [0, 8, 0, 0, 0, 0, 0], [0, 8, 8, 0, 0, 8, 0], [0, 0, 0, 0, 8, 8, 0], [0, 0, 0, 0, 0, 0, 0]], "output": [[0, 0, 0, 0, 0, 0, 0], [0, 0, 0, 0, 0, 0, 0], [0, 0, 0, 0, 0, 0, 0], [0, 8, 1, 0, 0, 0, 0], [0, 8, 8, 0, 1, 8, 0], [0, 0, 0, 0, 8, 8, 0], [0, 0, 0, 0, 0, 0, 0]]}, {"input": [[0, 0, 0, 0, 8, 8, 0], [0, 0, 0, 0, 0, 8, 0], [0, 0, 0, 0, 0, 0, 0], [0, 0, 0, 0, 0, 8, 0], [0, 0, 0, 0, 8, 8, 0], [0, 0, 0, 0, 0, 0, 0], [0, 0, 0, 0, 0, 0, 0]], "output": [[0, 0, 0, 0, 8, 8, 0], [0, 0, 0, 0, 1, 8, 0], [0, 0, 0, 0, 0, 0, 0], [0, 0, 0, 0, 1, 8, 0], [0, 0, 0, 0, 8, 8, 0], [0, 0, 0, 0, 0, 0, 0], [0, 0, 0, 0, 0, 0, 0]]}, {"input": [[0, 0, 0, 0, 0, 0, 0], [0, 0, 0, 0, 0, 0, 8], [0, 0, 0, 0, 0, 8, 8], [0, 0, 0, 0, 0, 0, 0], [0, 0, 0, 0, 8, 8, 0], [0, 0, 0, 0, 0, 8, 0], [0, 0, 0, 0, 0, 0, 0]], "output": [[0, 0, 0, 0, 0, 0, 0], [0, 0, 0, 0, 0, 1, 8], [0, 0, 0, 0, 0, 8, 8], [0, 0, 0, 0, 0, 0, 0], [0, 0, 0, 0, 8, 8, 0], [0, 0, 0, 0, 1, 8, 0], [0, 0, 0, 0, 0, 0, 0]]}, {"input": [[0, 0, 0, 0, 0, 0, 0], [0, 0, 0, 8, 0, 0, 0], [0, 0, 0, 8, 8, 0, 0], [0, 0, 0, 0, 0, 0, 0], [0, 0, 0, 0, 0, 0, 0], [0, 0, 0, 8, 0, 0, 0], [0, 0, 8, 8, 0, 0, 0]], "output": [[0, 0, 0, 0, 0, 0, 0], [0, 0, 0, 8, 1, 0, 0], [0, 0, 0, 8, 8, 0, 0], [0, 0, 0, 0, 0, 0, 0], [0, 0, 0, 0, 0, 0, 0], [0, 0, 1, 8, 0, 0, 0], [0, 0, 8, 8, 0, 0, 0]]}, {"input": [[0, 0, 0, 0, 0, 0, 0], [0, 0, 0, 0, 0, 0, 8], [0, 0, 0, 0, 0, 8, 8], [0, 0, 8, 8, 0, 0, 0], [0, 0, 0, 8, 0, 0, 0], [0, 0, 0, 0, 0, 0, 0], [0, 0, 0, 0, 0, 0, 0]], "output": [[0, 0, 0, 0, 0, 0, 0], [0, 0, 0, 0, 0, 1, 8], [0, 0, 0, 0, 0, 8, 8], [0, 0, 8, 8, 0, 0, 0], [0, 0, 1, 8, 0, 0, 0], [0, 0, 0, 0, 0, 0, 0], [0, 0, 0, 0, 0, 0, 0]]}, {"input": [[0, 0, 0, 0, 0, 0, 0], [0, 0, 0, 0, 0, 0, 0], [8, 8, 0, 0, 0, 0, 0], [8, 0, 0, 0, 0, 0, 0], [0, 0, 0, 0, 0, 8, 8], [0, 0, 0, 8, 0, 8, 0], [0, 0, 8, 8, 0, 0, 0]], "output": [[0, 0, 0, 0, 0, 0, 0], [0, 0, 0, 0, 0, 0, 0], [8, 8, 0, 0, 0, 0, 0], [8, 1, 0, 0, 0, 0, 0], [0, 0, 0, 0, 0, 8, 8], [0, 0, 1, 8, 0, 8, 1], [0, 0, 8, 8, 0, 0, 0]]}, {"input": [[0, 0, 0, 0, 0, 0, 0], [0, 0, 0, 8, 8, 0, 0], [0, 0, 0, 8, 0, 0, 0], [0, 0, 0, 0, 0, 8, 8], [0, 0, 0, 0, 0, 8, 0], [0, 0, 8, 0, 0, 0, 0], [0, 0, 8, 8, 0, 0, 0]], "output": [[0, 0, 0, 0, 0, 0, 0], [0, 0, 0, 8, 8, 0, 0], [0, 0, 0, 8, 1, 0, 0], [0, 0, 0, 0, 0, 8, 8], [0, 0, 0, 0, 0, 8, 1], [0, 0, 8, 1, 0, 0, 0], [0, 0, 8, 8, 0, 0, 0]]}, {"input": [[0, 8, 8, 0, 0, 0, 0], [0, 8, 0, 0, 0, 0, 0], [0, 0, 0, 0, 0, 8, 8], [0, 0, 0, 0, 0, 8, 0], [8, 8, 0, 0, 0, 0, 0], [0, 8, 0, 0, 0, 0, 0], [0, 0, 0, 0, 0, 0, 0]], "output": [[0, 8, 8, 0, 0, 0, 0], [0, 8, 1, 0, 0, 0, 0], [0, 0, 0, 0, 0, 8, 8], [0, 0, 0, 0, 0, 8, 1], [8, 8, 0, 0, 0, 0, 0], [1, 8, 0, 0, 0, 0, 0], [0, 0, 0, 0, 0, 0, 0]]}, {"input": [[0, 0, 0, 0, 0, 0, 0], [0, 0, 0, 0, 0, 0, 0], [0, 8, 8, 0, 8, 8, 0], [0, 0, 8, 0, 8, 0, 0], [0, 0, 0, 0, 0, 0, 0], [0, 0, 8, 8, 0, 0, 0], [0, 0, 8, 0, 0, 0, 0]], "output": [[0, 0, 0, 0, 0, 0, 0], [0, 0, 0, 0, 0, 0, 0], [0, 8, 8, 0, 8, 8, 0], [0, 1, 8, 0, 8, 1, 0], [0, 0, 0, 0, 0, 0, 0], [0, 0, 8, 8, 0, 0, 0], [0, 0, 8, 1, 0, 0, 0]]}, {"input": [[0, 0, 0, 0, 8, 8, 0], [0, 0, 8, 0, 8, 0, 0], [0, 8, 8, 0, 0, 0, 0], [0, 0, 0, 0, 0, 0, 0], [0, 0, 0, 8, 0, 0, 0], [0, 0, 8, 8, 0, 0, 0], [0, 0, 0, 0, 0, 0, 0]], "output": [[0, 0, 0, 0, 8, 8, 0], [0, 1, 8, 0, 8, 1, 0], [0, 8, 8, 0, 0, 0, 0], [0, 0, 0, 0, 0, 0, 0], [0, 0, 1, 8, 0, 0, 0], [0, 0, 8, 8, 0, 0, 0], [0, 0, 0, 0, 0, 0, 0]]}, {"input": [[0, 8, 8, 0, 0, 0, 0], [0, 8, 0, 0, 0, 0, 0], [0, 0, 0, 0, 8, 8, 0], [0, 0, 0, 0, 0, 8, 0], [0, 0, 0, 0, 0, 0, 0], [0, 0, 0, 0, 0, 0, 0], [0, 0, 0, 0, 0, 0, 0]], "output": [[0, 8, 8, 0, 0, 0, 0], [0, 8, 1, 0, 0, 0, 0], [0, 0, 0, 0, 8, 8, 0], [0, 0, 0, 0, 1, 8, 0], [0, 0, 0, 0, 0, 0, 0], [0, 0, 0, 0, 0, 0, 0], [0, 0, 0, 0, 0, 0, 0]]}, {"input": [[0, 0, 0, 0, 0, 0, 0], [0, 0, 0, 0, 0, 0, 0], [0, 0, 8, 0, 0, 0, 0], [0, 0, 8, 8, 0, 8, 0], [0, 0, 0, 0, 0, 8, 8], [0, 0, 0, 0, 0, 0, 0], [0, 0, 0, 0, 0, 0, 0]], "output": [[0, 0, 0, 0, 0, 0, 0], [0, 0, 0, 0, 0, 0, 0], [0, 0, 8, 1, 0, 0, 0], [0, 0, 8, 8, 0, 8, 1], [0, 0, 0, 0, 0, 8, 8], [0, 0, 0, 0, 0, 0, 0], [0, 0, 0, 0, 0, 0, 0]]}, {"input": [[0, 0, 0, 0, 0, 0, 0], [0, 0, 8, 0, 0, 0, 0], [0, 0, 8, 8, 0, 0, 0], [0, 0, 0, 0, 0, 0, 0], [0, 0, 0, 0, 0, 0, 0], [8, 8, 0, 0, 0, 0, 0], [8, 0, 0, 0, 0, 0, 0]], "output": [[0, 0, 0, 0, 0, 0, 0], [0, 0, 8, 1, 0, 0, 0], [0, 0, 8, 8, 0, 0, 0], [0, 0, 0, 0, 0, 0, 0], [0, 0, 0, 0, 0, 0, 0], [8, 8, 0, 0, 0, 0, 0], [8, 1, 0, 0, 0, 0, 0]]}, {"input": [[0, 0, 0, 0, 0, 0, 0], [0, 0, 0, 0, 0, 0, 0], [0, 0, 0, 8, 0, 8, 8], [0, 0, 8, 8, 0, 0, 8], [0, 0, 0, 0, 0, 0, 0], [0, 8, 8, 0, 0, 0, 0], [0, 8, 0, 0, 0, 0, 0]], "output": [[0, 0, 0, 0, 0, 0, 0], [0, 0, 0, 0, 0, 0, 0], [0, 0, 1, 8, 0, 8, 8], [0, 0, 8, 8, 0, 1, 8], [0, 0, 0, 0, 0, 0, 0], [0, 8, 8, 0, 0, 0, 0], [0, 8, 1, 0, 0, 0, 0]]}, {"input": [[0, 0, 0, 0, 0, 0, 0], [0, 0, 0, 0, 0, 8, 0], [0, 8, 8, 0, 8, 8, 0], [0, 8, 0, 0, 0, 0, 0], [0, 0, 0, 0, 8, 0, 0], [0, 0, 0, 0, 8, 8, 0], [0, 0, 0, 0, 0, 0, 0]], "output": [[0, 0, 0, 0, 0, 0, 0], [0, 0, 0, 0, 1, 8, 0], [0, 8, 8, 0, 8, 8, 0], [0, 8, 1, 0, 0, 0, 0], [0, 0, 0, 0, 8, 1, 0], [0, 0, 0, 0, 8, 8, 0], [0, 0, 0, 0, 0, 0, 0]]}, {"input": [[0, 8, 0, 0, 0, 0, 0], [8, 8, 0, 0, 0, 0, 0], [0, 0, 0, 0, 0, 0, 0], [0, 0, 0, 0, 0, 0, 0], [0, 0, 0, 0, 0, 8, 8], [0, 0, 0, 0, 0, 0, 8], [0, 0, 0, 0, 0, 0, 0]], "output": [[1, 8, 0, 0, 0, 0, 0], [8, 8, 0, 0, 0, 0, 0], [0, 0, 0, 0, 0, 0, 0], [0, 0, 0, 0, 0, 0, 0], [0, 0, 0, 0, 0, 8, 8], [0, 0, 0, 0, 0, 1, 8], [0, 0, 0, 0, 0, 0, 0]]}, {"input": [[0, 0, 0, 0, 0, 0, 0], [8, 8, 0, 8, 8, 0, 0], [0, 8, 0, 0, 8, 0, 0], [0, 0, 0, 0, 0, 0, 0], [8, 0, 0, 0, 0, 8, 8], [8, 8, 0, 0, 0, 8, 0], [0, 0, 0, 0, 0, 0, 0]], "output": [[0, 0, 0, 0, 0, 0, 0], [8, 8, 0, 8, 8, 0, 0], [1, 8, 0, 1, 8, 0, 0], [0, 0, 0, 0, 0, 0, 0], [8, 1, 0, 0, 0, 8, 8], [8, 8, 0, 0, 0, 8, 1], [0, 0, 0, 0, 0, 0, 0]]}, {"input": [[0, 0, 0, 0, 0, 0, 0], [0, 0, 0, 0, 0, 0, 0], [0, 8, 8, 0, 0, 0, 0], [0, 8, 0, 0, 0, 0, 0], [0, 0, 0, 0, 8, 8, 0], [0, 0, 0, 0, 0, 8, 0], [0, 0, 0, 0, 0, 0, 0]], "output": [[0, 0, 0, 0, 0, 0, 0], [0, 0, 0, 0, 0, 0, 0], [0, 8, 8, 0, 0, 0, 0], [0, 8, 1, 0, 0, 0, 0], [0, 0, 0, 0, 8, 8, 0], [0, 0, 0, 0, 1, 8, 0], [0, 0, 0, 0, 0, 0, 0]]}, {"input": [[0, 0, 0, 0, 0, 0, 0], [0, 0, 0, 0, 0, 0, 0], [0, 0, 8, 0, 0, 0, 0], [0, 0, 8, 8, 0, 0, 0], [0, 0, 0, 0, 0, 0, 0], [0, 0, 0, 0, 0, 0, 8], [0, 0, 0, 0, 0, 8, 8]], "output": [[0, 0, 0, 0, 0, 0, 0], [0, 0, 0, 0, 0, 0, 0], [0, 0, 8, 1, 0, 0, 0], [0, 0, 8, 8, 0, 0, 0], [0, 0, 0, 0, 0, 0, 0], [0, 0, 0, 0, 0, 1, 8], [0, 0, 0, 0, 0, 8, 8]]}, {"input": [[0, 0, 0, 0, 0, 8, 8], [0, 0, 0, 0, 0, 0, 8], [0, 0, 0, 8, 8, 0, 0], [0, 0, 0, 0, 8, 0, 0], [0, 0, 0, 0, 0, 0, 0], [0, 0, 0, 0, 0, 0, 0], [0, 0, 0, 0, 0, 0, 0]], "output": [[0, 0, 0, 0, 0, 8, 8], [0, 0, 0, 0, 0, 1, 8], [0, 0, 0, 8, 8, 0, 0], [0, 0, 0, 1, 8, 0, 0], [0, 0, 0, 0, 0, 0, 0], [0, 0, 0, 0, 0, 0, 0], [0, 0, 0, 0, 0, 0, 0]]}, {"input": [[0, 0, 0, 0, 0, 0, 0], [0, 0, 0, 0, 0, 0, 0], [0, 0, 0, 8, 8, 0, 0], [8, 8, 0, 0, 8, 0, 0], [8, 0, 0, 0, 0, 0, 0], [0, 0, 0, 0, 0, 0, 0], [0, 0, 0, 0, 0, 0, 0]], "output": [[0, 0, 0, 0, 0, 0, 0], [0, 0, 0, 0, 0, 0, 0], [0, 0, 0, 8, 8, 0, 0], [8, 8, 0, 1, 8, 0, 0], [8, 1, 0, 0, 0, 0, 0], [0, 0, 0, 0, 0, 0, 0], [0, 0, 0, 0, 0, 0, 0]]}, {"input": [[0, 0, 0, 0, 0, 0, 8], [0, 0, 0, 0, 0, 8, 8], [0, 0, 0, 0, 0, 0, 0], [0, 0, 0, 0, 0, 0, 0], [0, 0, 0, 0, 0, 8, 8], [8, 8, 0, 0, 0, 0, 8], [0, 8, 0, 0, 0, 0, 0]], "output": [[0, 0, 0, 0, 0, 1, 8], [0, 0, 0, 0, 0, 8, 8], [0, 0, 0, 0, 0, 0, 0], [0, 0, 0, 0, 0, 0, 0], [0, 0, 0, 0, 0, 8, 8], [8, 8, 0, 0, 0, 1, 8], [1, 8, 0, 0, 0, 0, 0]]}, {"input": [[0, 0, 8, 0, 0, 0, 0], [0, 0, 8, 8, 0, 0, 0], [0, 0, 0, 0, 0, 8, 8], [0, 0, 0, 0, 0, 0, 8], [0, 0, 0, 0, 8, 0, 0], [0, 0, 0, 0, 8, 8, 0], [0, 0, 0, 0, 0, 0, 0]], "output": [[0, 0, 8, 1, 0, 0, 0], [0, 0, 8, 8, 0, 0, 0], [0, 0, 0, 0, 0, 8, 8], [0, 0, 0, 0, 0, 1, 8], [0, 0, 0, 0, 8, 1, 0], [0, 0, 0, 0, 8, 8, 0], [0, 0, 0, 0, 0, 0, 0]]}, {"input": [[0, 0, 0, 0, 0, 0, 0], [0, 0, 0, 0, 0, 0, 0], [0, 0, 0, 0, 0, 0, 0], [0, 0, 0, 0, 0, 0, 0], [0, 0, 8, 8, 0, 8, 8], [0, 0, 0, 8, 0, 8, 0], [0, 0, 0, 0, 0, 0, 0]], "output": [[0, 0, 0, 0, 0, 0, 0], [0, 0, 0, 0, 0, 0, 0], [0, 0, 0, 0, 0, 0, 0], [0, 0, 0, 0, 0, 0, 0], [0, 0, 8, 8, 0, 8, 8], [0, 0, 1, 8, 0, 8, 1], [0, 0, 0, 0, 0, 0, 0]]}, {"input": [[0, 0, 0, 0, 0, 0, 0], [0, 0, 8, 0, 0, 0, 0], [0, 8, 8, 0, 0, 0, 0], [0, 0, 0, 0, 0, 8, 0], [0, 0, 0, 0, 8, 8, 0], [0, 8, 8, 0, 0, 0, 0], [0, 8, 0, 0, 0, 0, 0]], "output": [[0, 0, 0, 0, 0, 0, 0], [0, 1, 8, 0, 0, 0, 0], [0, 8, 8, 0, 0, 0, 0], [0, 0, 0, 0, 1, 8, 0], [0, 0, 0, 0, 8, 8, 0], [0, 8, 8, 0, 0, 0, 0], [0, 8, 1, 0, 0, 0, 0]]}, {"input": [[0, 0, 0, 0, 0, 0, 0], [0, 0, 8, 0, 0, 0, 0], [0, 0, 8, 8, 0, 0, 8], [0, 0, 0, 0, 0, 8, 8], [0, 0, 0, 0, 0, 0, 0], [0, 0, 8, 8, 0, 0, 0], [0, 0, 8, 0, 0, 0, 0]], "output": [[0, 0, 0, 0, 0, 0, 0], [0, 0, 8, 1, 0, 0, 0], [0, 0, 8, 8, 0, 1, 8], [0, 0, 0, 0, 0, 8, 8], [0, 0, 0, 0, 0, 0, 0], [0, 0, 8, 8, 0, 0, 0], [0, 0, 8, 1, 0, 0, 0]]}, {"input": [[0, 0, 0, 0, 0, 8, 0], [0, 0, 0, 0, 0, 8, 8], [0, 0, 0, 0, 0, 0, 0], [0, 0, 0, 0, 0, 0, 0], [0, 0, 0, 0, 0, 0, 0], [0, 0, 0, 0, 0, 0, 0], [0, 0, 0, 0, 0, 0, 0]], "output": [[0, 0, 0, 0, 0, 8, 1], [0, 0, 0, 0, 0, 8, 8], [0, 0, 0, 0, 0, 0, 0], [0, 0, 0, 0, 0, 0, 0], [0, 0, 0, 0, 0, 0, 0], [0, 0, 0, 0, 0, 0, 0], [0, 0, 0, 0, 0, 0, 0]]}, {"input": [[0, 0, 0, 0, 0, 0, 0], [0, 0, 0, 0, 0, 0, 0], [0, 0, 0, 0, 0, 0, 0], [0, 0, 8, 0, 8, 8, 0], [0, 8, 8, 0, 8, 0, 0], [0, 0, 0, 0, 0, 0, 0], [0, 0, 0, 0, 0, 0, 0]], "output": [[0, 0, 0, 0, 0, 0, 0], [0, 0, 0, 0, 0, 0, 0], [0, 0, 0, 0, 0, 0, 0], [0, 1, 8, 0, 8, 8, 0], [0, 8, 8, 0, 8, 1, 0], [0, 0, 0, 0, 0, 0, 0], [0, 0, 0, 0, 0, 0, 0]]}, {"input": [[0, 0, 0, 0, 0, 0, 0], [0, 0, 0, 0, 0, 8, 8], [0, 0, 0, 0, 0, 8, 0], [0, 0, 0, 0, 0, 0, 0], [0, 0, 0, 0, 0, 0, 0], [0, 0, 0, 0, 0, 0, 0], [0, 0, 0, 0, 0, 0, 0]], "output": [[0, 0, 0, 0, 0, 0, 0], [0, 0, 0, 0, 0, 8, 8], [0, 0, 0, 0, 0, 8, 1], [0, 0, 0, 0, 0, 0, 0], [0, 0, 0, 0, 0, 0, 0], [0, 0, 0, 0, 0, 0, 0], [0, 0, 0, 0, 0, 0, 0]]}, {"input": [[8, 0, 0, 0, 0, 0, 0], [8, 8, 0, 0, 8, 0, 0], [0, 0, 0, 8, 8, 0, 0], [0, 0, 0, 0, 0, 0, 0], [0, 0, 0, 0, 0, 0, 0], [0, 0, 0, 0, 8, 8, 0], [0, 0, 0, 0, 0, 8, 0]], "output": [[8, 1, 0, 0, 0, 0, 0], [8, 8, 0, 1, 8, 0, 0], [0, 0, 0, 8, 8, 0, 0], [0, 0, 0, 0, 0, 0, 0], [0, 0, 0, 0, 0, 0, 0], [0, 0, 0, 0, 8, 8, 0], [0, 0, 0, 0, 1, 8, 0]]}, {"input": [[0, 0, 0, 0, 0, 0, 0], [0, 0, 0, 0, 0, 0, 0], [0, 0, 0, 0, 0, 0, 0], [0, 0, 0, 0, 0, 8, 8], [8, 0, 0, 0, 0, 0, 8], [8, 8, 0, 0, 0, 0, 0], [0, 0, 0, 0, 0, 0, 0]], "output": [[0, 0, 0, 0, 0, 0, 0], [0, 0, 0, 0, 0, 0, 0], [0, 0, 0, 0, 0, 0, 0], [0, 0, 0, 0, 0, 8, 8], [8, 1, 0, 0, 0, 1, 8], [8, 8, 0, 0, 0, 0, 0], [0, 0, 0, 0, 0, 0, 0]]}, {"input": [[0, 0, 0, 0, 0, 0, 0], [0, 0, 0, 0, 0, 0, 0], [0, 0, 0, 0, 0, 0, 0], [0, 0, 8, 8, 0, 0, 0], [0, 0, 0, 8, 0, 0, 0], [0, 0, 0, 0, 0, 8, 8], [0, 0, 0, 0, 0, 8, 0]], "output": [[0, 0, 0, 0, 0, 0, 0], [0, 0, 0, 0, 0, 0, 0], [0, 0, 0, 0, 0, 0, 0], [0, 0, 8, 8, 0, 0, 0], [0, 0, 1, 8, 0, 0, 0], [0, 0, 0, 0, 0, 8, 8], [0, 0, 0, 0, 0, 8, 1]]}, {"input": [[0, 0, 0, 0, 0, 0, 0], [8, 8, 0, 0, 0, 0, 0], [8, 0, 0, 0, 0, 8, 8], [0, 0, 0, 0, 0, 0, 8], [0, 0, 0, 0, 0, 0, 0], [8, 8, 0, 0, 0, 0, 0], [0, 8, 0, 0, 0, 0, 0]], "output": [[0, 0, 0, 0, 0, 0, 0], [8, 8, 0, 0, 0, 0, 0], [8, 1, 0, 0, 0, 8, 8], [0, 0, 0, 0, 0, 1, 8], [0, 0, 0, 0, 0, 0, 0], [8, 8, 0, 0, 0, 0, 0], [1, 8, 0, 0, 0, 0, 0]]}, {"input": [[0, 0, 0, 0, 0, 0, 0], [0, 8, 8, 0, 0, 0, 0], [0, 8, 0, 0, 0, 0, 0], [0, 0, 0, 0, 0, 0, 0], [0, 0, 0, 0, 0, 0, 0], [0, 0, 0, 8, 8, 0, 0], [0, 0, 0, 8, 0, 0, 0]], "output": [[0, 0, 0, 0, 0, 0, 0], [0, 8, 8, 0, 0, 0, 0], [0, 8, 1, 0, 0, 0, 0], [0, 0, 0, 0, 0, 0, 0], [0, 0, 0, 0, 0, 0, 0], [0, 0, 0, 8, 8, 0, 0], [0, 0, 0, 8, 1, 0, 0]]}, {"input": [[0, 0, 0, 0, 0, 8, 8], [8, 0, 0, 0, 0, 0, 8], [8, 8, 0, 0, 0, 0, 0], [0, 0, 0, 0, 0, 0, 0], [0, 0, 0, 0, 8, 8, 0], [0, 8, 8, 0, 8, 0, 0], [0, 0, 8, 0, 0, 0, 0]], "output": [[0, 0, 0, 0, 0, 8, 8], [8, 1, 0, 0, 0, 1, 8], [8, 8, 0, 0, 0, 0, 0], [0, 0, 0, 0, 0, 0, 0], [0, 0, 0, 0, 8, 8, 0], [0, 8, 8, 0, 8, 1, 0], [0, 1, 8, 0, 0, 0, 0]]}, {"input": [[0, 0, 0, 0, 0, 0, 0], [0, 0, 0, 0, 0, 8, 8], [0, 8, 8, 0, 0, 0, 8], [0, 8, 0, 0, 0, 0, 0], [0, 0, 0, 8, 8, 0, 0], [0, 0, 0, 8, 0, 0, 0], [0, 0, 0, 0, 0, 0, 0]], "output": [[0, 0, 0, 0, 0, 0, 0], [0, 0, 0, 0, 0, 8, 8], [0, 8, 8, 0, 0, 1, 8], [0, 8, 1, 0, 0, 0, 0], [0, 0, 0, 8, 8, 0, 0], [0, 0, 0, 8, 1, 0, 0], [0, 0, 0, 0, 0, 0, 0]]}, {"input": [[0, 0, 0, 0, 0, 0, 0], [0, 0, 0, 0, 0, 0, 0], [0, 0, 0, 0, 0, 8, 8], [0, 0, 8, 8, 0, 8, 0], [0, 0, 8, 0, 0, 0, 0], [0, 0, 0, 0, 0, 8, 8], [0, 0, 0, 0, 0, 8, 0]], "output": [[0, 0, 0, 0, 0, 0, 0], [0, 0, 0, 0, 0, 0, 0], [0, 0, 0, 0, 0, 8, 8], [0, 0, 8, 8, 0, 8, 1], [0, 0, 8, 1, 0, 0, 0], [0, 0, 0, 0, 0, 8, 8], [0, 0, 0, 0, 0, 8, 1]]}, {"input": [[0, 0, 0, 0, 0, 0, 0], [0, 0, 0, 0, 0, 0, 8], [0, 0, 0, 0, 0, 8, 8], [0, 0, 0, 0, 0, 0, 0], [0, 8, 8, 0, 0, 0, 0], [0, 8, 0, 0, 8, 0, 0], [0, 0, 0, 0, 8, 8, 0]], "output": [[0, 0, 0, 0, 0, 0, 0], [0, 0, 0, 0, 0, 1, 8], [0, 0, 0, 0, 0, 8, 8], [0, 0, 0, 0, 0, 0, 0], [0, 8, 8, 0, 0, 0, 0], [0, 8, 1, 0, 8, 1, 0], [0, 0, 0, 0, 8, 8, 0]]}, {"input": [[0, 0, 0, 0, 0, 0, 8], [0, 0, 0, 0, 0, 8, 8], [0, 0, 0, 0, 0, 0, 0], [8, 8, 0, 0, 0, 0, 0], [8, 0, 0, 8, 0, 0, 0], [0, 0, 0, 8, 8, 0, 0], [0, 0, 0, 0, 0, 0, 0]], "output": [[0, 0, 0, 0, 0, 1, 8], [0, 0, 0, 0, 0, 8, 8], [0, 0, 0, 0, 0, 0, 0], [8, 8, 0, 0, 0, 0, 0], [8, 1, 0, 8, 1, 0, 0], [0, 0, 0, 8, 8, 0, 0], [0, 0, 0, 0, 0, 0, 0]]}, {"input": [[0, 0, 0, 0, 0, 0, 0], [0, 0, 0, 0, 0, 0, 0], [0, 0, 0, 0, 0, 0, 0], [0, 0, 0, 0, 0, 8, 0], [8, 0, 0, 0, 0, 8, 8], [8, 8, 0, 0, 0, 0, 0], [0, 0, 0, 0, 0, 0, 0]], "output": [[0, 0, 0, 0, 0, 0, 0], [0, 0, 0, 0, 0, 0, 0], [0, 0, 0, 0, 0, 0, 0], [0, 0, 0, 0, 0, 8, 1], [8, 1, 0, 0, 0, 8, 8], [8, 8, 0, 0, 0, 0, 0], [0, 0, 0, 0, 0, 0, 0]]}, {"input": [[0, 0, 0, 0, 0, 0, 0], [0, 0, 0, 0, 0, 0, 0], [0, 0, 0, 0, 0, 0, 0], [0, 0, 0, 0, 0, 8, 0], [0, 0, 0, 0, 8, 8, 0], [8, 8, 0, 0, 0, 0, 0], [8, 0, 0, 0, 0, 0, 0]], "output": [[0, 0, 0, 0, 0, 0, 0], [0, 0, 0, 0, 0, 0, 0], [0, 0, 0, 0, 0, 0, 0], [0, 0, 0, 0, 1, 8, 0], [0, 0, 0, 0, 8, 8, 0], [8, 8, 0, 0, 0, 0, 0], [8, 1, 0, 0, 0, 0, 0]]}, {"input": [[0, 0, 0, 0, 0, 8, 8], [0, 0, 0, 0, 0, 0, 8], [0, 0, 0, 0, 0, 0, 0], [0, 0, 0, 0, 0, 0, 0], [8, 8, 0, 0, 0, 0, 0], [0, 8, 0, 0, 0, 0, 0], [0, 0, 0, 0, 0, 0, 0]], "output": [[0, 0, 0, 0, 0, 8, 8], [0, 0, 0, 0, 0, 1, 8], [0, 0, 0, 0, 0, 0, 0], [0, 0, 0, 0, 0, 0, 0], [8, 8, 0, 0, 0, 0, 0], [1, 8, 0, 0, 0, 0, 0], [0, 0, 0, 0, 0, 0, 0]]}, {"input": [[0, 0, 0, 0, 0, 0, 0], [0, 0, 8, 0, 0, 0, 0], [0, 8, 8, 0, 0, 0, 0], [0, 0, 0, 0, 0, 0, 0], [0, 0, 8, 8, 0, 8, 0], [0, 0, 8, 0, 0, 8, 8], [0, 0, 0, 0, 0, 0, 0]], "output": [[0, 0, 0, 0, 0, 0, 0], [0, 1, 8, 0, 0, 0, 0], [0, 8, 8, 0, 0, 0, 0], [0, 0, 0, 0, 0, 0, 0], [0, 0, 8, 8, 0, 8, 1], [0, 0, 8, 1, 0, 8, 8], [0, 0, 0, 0, 0, 0, 0]]}, {"input": [[0, 0, 0, 0, 8, 8, 0], [0, 0, 0, 0, 0, 8, 0], [8, 8, 0, 0, 0, 0, 0], [8, 0, 0, 0, 0, 0, 0], [0, 0, 0, 0, 8, 8, 0], [8, 8, 0, 0, 8, 0, 0], [0, 8, 0, 0, 0, 0, 0]], "output": [[0, 0, 0, 0, 8, 8, 0], [0, 0, 0, 0, 1, 8, 0], [8, 8, 0, 0, 0, 0, 0], [8, 1, 0, 0, 0, 0, 0], [0, 0, 0, 0, 8, 8, 0], [8, 8, 0, 0, 8, 1, 0], [1, 8, 0, 0, 0, 0, 0]]}, {"input": [[8, 0, 0, 0, 0, 0, 0], [8, 8, 0, 0, 0, 0, 0], [0, 0, 0, 0, 0, 0, 0], [0, 0, 0, 0, 0, 0, 0], [0, 0, 0, 8, 8, 0, 0], [8, 8, 0, 8, 0, 0, 0], [8, 0, 0, 0, 0, 0, 0]], "output": [[8, 1, 0, 0, 0, 0, 0], [8, 8, 0, 0, 0, 0, 0], [0, 0, 0, 0, 0, 0, 0], [0, 0, 0, 0, 0, 0, 0], [0, 0, 0, 8, 8, 0, 0], [8, 8, 0, 8, 1, 0, 0], [8, 1, 0, 0, 0, 0, 0]]}, {"input": [[0, 0, 0, 0, 0, 0, 0], [0, 0, 0, 8, 0, 0, 0], [0, 0, 8, 8, 0, 0, 0], [0, 0, 0, 0, 0, 0, 0], [0, 0, 0, 0, 0, 0, 0], [8, 8, 0, 0, 8, 0, 0], [0, 8, 0, 8, 8, 0, 0]], "output": [[0, 0, 0, 0, 0, 0, 0], [0, 0, 1, 8, 0, 0, 0], [0, 0, 8, 8, 0, 0, 0], [0, 0, 0, 0, 0, 0, 0], [0, 0, 0, 0, 0, 0, 0], [8, 8, 0, 1, 8, 0, 0], [1, 8, 0, 8, 8, 0, 0]]}, {"input": [[0, 8, 0, 0, 0, 0, 0], [8, 8, 0, 0, 0, 0, 0], [0, 0, 0, 0, 0, 0, 0], [0, 0, 0, 0, 0, 8, 8], [0, 0, 0, 0, 0, 8, 0], [0, 0, 0, 0, 0, 0, 0], [0, 0, 0, 0, 0, 0, 0]], "output": [[1, 8, 0, 0, 0, 0, 0], [8, 8, 0, 0, 0, 0, 0], [0, 0, 0, 0, 0, 0, 0], [0, 0, 0, 0, 0, 8, 8], [0, 0, 0, 0, 0, 8, 1], [0, 0, 0, 0, 0, 0, 0], [0, 0, 0, 0, 0, 0, 0]]}, {"input": [[0, 8, 8, 0, 0, 0, 0], [0, 8, 0, 0, 0, 0, 0], [0, 0, 0, 0, 0, 0, 0], [0, 0, 0, 0, 0, 0, 0], [0, 0, 0, 0, 0, 0, 0], [0, 0, 0, 0, 0, 0, 0], [0, 0, 0, 0, 0, 0, 0]], "output": [[0, 8, 8, 0, 0, 0, 0], [0, 8, 1, 0, 0, 0, 0], [0, 0, 0, 0, 0, 0, 0], [0, 0, 0, 0, 0, 0, 0], [0, 0, 0, 0, 0, 0, 0], [0, 0, 0, 0, 0, 0, 0], [0, 0, 0, 0, 0, 0, 0]]}, {"input": [[0, 0, 0, 0, 0, 0, 0], [0, 8, 0, 8, 8, 0, 0], [8, 8, 0, 0, 8, 0, 0], [0, 0, 0, 0, 0, 0, 0], [0, 0, 0, 0, 0, 0, 0], [0, 8, 0, 0, 0, 8, 0], [8, 8, 0, 0, 8, 8, 0]], "output": [[0, 0, 0, 0, 0, 0, 0], [1, 8, 0, 8, 8, 0, 0], [8, 8, 0, 1, 8, 0, 0], [0, 0, 0, 0, 0, 0, 0], [0, 0, 0, 0, 0, 0, 0], [1, 8, 0, 0, 1, 8, 0], [8, 8, 0, 0, 8, 8, 0]]}, {"input": [[0, 0, 0, 0, 0, 0, 0], [0, 0, 0, 0, 0, 0, 0], [0, 0, 0, 0, 0, 8, 8], [0, 0, 0, 0, 0, 8, 0], [0, 8, 0, 0, 0, 0, 0], [8, 8, 0, 0, 0, 0, 0], [0, 0, 0, 0, 0, 0, 0]], "output": [[0, 0, 0, 0, 0, 0, 0], [0, 0, 0, 0, 0, 0, 0], [0, 0, 0, 0, 0, 8, 8], [0, 0, 0, 0, 0, 8, 1], [1, 8, 0, 0, 0, 0, 0], [8, 8, 0, 0, 0, 0, 0], [0, 0, 0, 0, 0, 0, 0]]}, {"input": [[0, 0, 0, 0, 0, 0, 0], [0, 0, 0, 0, 0, 0, 0], [0, 0, 0, 8, 0, 0, 0], [0, 0, 0, 8, 8, 0, 0], [0, 0, 0, 0, 0, 0, 0], [0, 0, 0, 0, 0, 0, 0], [0, 0, 0, 0, 0, 0, 0]], "output": [[0, 0, 0, 0, 0, 0, 0], [0, 0, 0, 0, 0, 0, 0], [0, 0, 0, 8, 1, 0, 0], [0, 0, 0, 8, 8, 0, 0], [0, 0, 0, 0, 0, 0, 0], [0, 0, 0, 0, 0, 0, 0], [0, 0, 0, 0, 0, 0, 0]]}, {"input": [[0, 0, 0, 0, 0, 0, 0], [0, 0, 0, 0, 0, 0, 0], [0, 0, 8, 8, 0, 0, 0], [0, 0, 8, 0, 0, 8, 8], [0, 0, 0, 0, 0, 0, 8], [0, 0, 8, 0, 0, 0, 0], [0, 0, 8, 8, 0, 0, 0]], "output": [[0, 0, 0, 0, 0, 0, 0], [0, 0, 0, 0, 0, 0, 0], [0, 0, 8, 8, 0, 0, 0], [0, 0, 8, 1, 0, 8, 8], [0, 0, 0, 0, 0, 1, 8], [0, 0, 8, 1, 0, 0, 0], [0, 0, 8, 8, 0, 0, 0]]}, {"input": [[0, 0, 8, 0, 0, 0, 0], [0, 0, 8, 8, 0, 0, 0], [0, 0, 0, 0, 0, 0, 0], [8, 8, 0, 0, 0, 0, 0], [0, 8, 0, 0, 8, 0, 0], [0, 0, 0, 8, 8, 0, 0], [0, 0, 0, 0, 0, 0, 0]], "output": [[0, 0, 8, 1, 0, 0, 0], [0, 0, 8, 8, 0, 0, 0], [0, 0, 0, 0, 0, 0, 0], [8, 8, 0, 0, 0, 0, 0], [1, 8, 0, 1, 8, 0, 0], [0, 0, 0, 8, 8, 0, 0], [0, 0, 0, 0, 0, 0, 0]]}, {"input": [[0, 0, 0, 0, 0, 0, 0], [0, 0, 0, 0, 0, 0, 0], [0, 0, 0, 0, 0, 0, 0], [0, 0, 0, 8, 0, 0, 0], [0, 0, 8, 8, 0, 8, 8], [0, 0, 0, 0, 0, 0, 8], [0, 0, 0, 0, 0, 0, 0]], "output": [[0, 0, 0, 0, 0, 0, 0], [0, 0, 0, 0, 0, 0, 0], [0, 0, 0, 0, 0, 0, 0], [0, 0, 1, 8, 0, 0, 0], [0, 0, 8, 8, 0, 8, 8], [0, 0, 0, 0, 0, 1, 8], [0, 0, 0, 0, 0, 0, 0]]}, {"input": [[0, 8, 0, 0, 0, 0, 0], [8, 8, 0, 0, 0, 0, 0], [0, 0, 0, 0, 0, 0, 0], [8, 0, 0, 0, 0, 0, 0], [8, 8, 0, 0, 0, 8, 0], [0, 0, 0, 0, 8, 8, 0], [0, 0, 0, 0, 0, 0, 0]], "output": [[1, 8, 0, 0, 0, 0, 0], [8, 8, 0, 0, 0, 0, 0], [0, 0, 0, 0, 0, 0, 0], [8, 1, 0, 0, 0, 0, 0], [8, 8, 0, 0, 1, 8, 0], [0, 0, 0, 0, 8, 8, 0], [0, 0, 0, 0, 0, 0, 0]]}, {"input": [[0, 0, 0, 0, 0, 8, 0], [0, 0, 0, 0, 8, 8, 0], [0, 0, 0, 0, 0, 0, 0], [0, 0, 0, 0, 0, 8, 0], [0, 0, 0, 0, 8, 8, 0], [0, 8, 0, 0, 0, 0, 0], [8, 8, 0, 0, 0, 0, 0]], "output": [[0, 0, 0, 0, 1, 8, 0], [0, 0, 0, 0, 8, 8, 0], [0, 0, 0, 0, 0, 0, 0], [0, 0, 0, 0, 1, 8, 0], [0, 0, 0, 0, 8, 8, 0], [1, 8, 0, 0, 0, 0, 0], [8, 8, 0, 0, 0, 0, 0]]}, {"input": [[0, 0, 0, 0, 0, 0, 0], [0, 0, 0, 8, 8, 0, 0], [0, 0, 0, 0, 8, 0, 0], [0, 0, 0, 0, 0, 0, 0], [0, 0, 0, 0, 0, 0, 0], [0, 0, 0, 0, 0, 8, 8], [0, 0, 0, 0, 0, 0, 8]], "output": [[0, 0, 0, 0, 0, 0, 0], [0, 0, 0, 8, 8, 0, 0], [0, 0, 0, 1, 8, 0, 0], [0, 0, 0, 0, 0, 0, 0], [0, 0, 0, 0, 0, 0, 0], [0, 0, 0, 0, 0, 8, 8], [0, 0, 0, 0, 0, 1, 8]]}, {"input": [[0, 0, 0, 0, 0, 0, 0], [0, 0, 8, 0, 0, 0, 0], [0, 0, 8, 8, 0, 0, 8], [0, 0, 0, 0, 0, 8, 8], [0, 0, 0, 0, 0, 0, 0], [0, 0, 0, 0, 0, 0, 0], [0, 0, 0, 0, 0, 0, 0]], "output": [[0, 0, 0, 0, 0, 0, 0], [0, 0, 8, 1, 0, 0, 0], [0, 0, 8, 8, 0, 1, 8], [0, 0, 0, 0, 0, 8, 8], [0, 0, 0, 0, 0, 0, 0], [0, 0, 0, 0, 0, 0, 0], [0, 0, 0, 0, 0, 0, 0]]}, {"input": [[0, 0, 0, 0, 0, 0, 0], [0, 0, 0, 0, 8, 8, 0], [0, 0, 0, 0, 8, 0, 0], [0, 0, 0, 0, 0, 0, 0], [0, 0, 8, 0, 0, 8, 8], [0, 8, 8, 0, 0, 0, 8], [0, 0, 0, 0, 0, 0, 0]], "output": [[0, 0, 0, 0, 0, 0, 0], [0, 0, 0, 0, 8, 8, 0], [0, 0, 0, 0, 8, 1, 0], [0, 0, 0, 0, 0, 0, 0], [0, 1, 8, 0, 0, 8, 8], [0, 8, 8, 0, 0, 1, 8], [0, 0, 0, 0, 0, 0, 0]]}, {"input": [[0, 0, 0, 0, 0, 0, 0], [0, 0, 0, 0, 0, 0, 0], [0, 0, 0, 0, 0, 0, 0], [0, 0, 0, 0, 0, 8, 0], [0, 0, 8, 8, 0, 8, 8], [0, 0, 0, 8, 0, 0, 0], [0, 0, 0, 0, 0, 0, 0]], "output": [[0, 0, 0, 0, 0, 0, 0], [0, 0, 0, 0, 0, 0, 0], [0, 0, 0, 0, 0, 0, 0], [0, 0, 0, 0, 0, 8, 1], [0, 0, 8, 8, 0, 8, 8], [0, 0, 1, 8, 0, 0, 0], [0, 0, 0, 0, 0, 0, 0]]}, {"input": [[0, 0, 8, 0, 0, 0, 0], [0, 8, 8, 0, 0, 0, 0], [0, 0, 0, 0, 0, 0, 0], [0, 0, 0, 8, 8, 0, 0], [0, 0, 0, 8, 0, 0, 0], [0, 0, 0, 0, 0, 0, 0], [0, 0, 0, 0, 0, 0, 0]], "output": [[0, 1, 8, 0, 0, 0, 0], [0, 8, 8, 0, 0, 0, 0], [0, 0, 0, 0, 0, 0, 0], [0, 0, 0, 8, 8, 0, 0], [0, 0, 0, 8, 1, 0, 0], [0, 0, 0, 0, 0, 0, 0], [0, 0, 0, 0, 0, 0, 0]]}, {"input": [[0, 0, 0, 0, 0, 0, 0], [0, 0, 0, 0, 0, 0, 0], [0, 0, 0, 0, 0, 0, 0], [0, 0, 0, 0, 0, 0, 0], [0, 0, 8, 0, 0, 0, 0], [0, 0, 8, 8, 0, 0, 0], [0, 0, 0, 0, 0, 0, 0]], "output": [[0, 0, 0, 0, 0, 0, 0], [0, 0, 0, 0, 0, 0, 0], [0, 0, 0, 0, 0, 0, 0], [0, 0, 0, 0, 0, 0, 0], [0, 0, 8, 1, 0, 0, 0], [0, 0, 8, 8, 0, 0, 0], [0, 0, 0, 0, 0, 0, 0]]}, {"input": [[0, 0, 0, 0, 0, 0, 0], [8, 8, 0, 0, 0, 0, 0], [8, 0, 0, 0, 0, 8, 8], [0, 0, 0, 0, 0, 8, 0], [0, 0, 0, 0, 0, 0, 0], [8, 0, 0, 8, 0, 0, 0], [8, 8, 0, 8, 8, 0, 0]], "output": [[0, 0, 0, 0, 0, 0, 0], [8, 8, 0, 0, 0, 0, 0], [8, 1, 0, 0, 0, 8, 8], [0, 0, 0, 0, 0, 8, 1], [0, 0, 0, 0, 0, 0, 0], [8, 1, 0, 8, 1, 0, 0], [8, 8, 0, 8, 8, 0, 0]]}, {"input": [[0, 0, 0, 8, 8, 0, 0], [0, 0, 0, 0, 8, 0, 0], [0, 0, 0, 0, 0, 0, 0], [0, 8, 0, 0, 0, 0, 0], [8, 8, 0, 0, 8, 0, 0], [0, 0, 0, 0, 8, 8, 0], [0, 0, 0, 0, 0, 0, 0]], "output": [[0, 0, 0, 8, 8, 0, 0], [0, 0, 0, 1, 8, 0, 0], [0, 0, 0, 0, 0, 0, 0], [1, 8, 0, 0, 0, 0, 0], [8, 8, 0, 0, 8, 1, 0], [0, 0, 0, 0, 8, 8, 0], [0, 0, 0, 0, 0, 0, 0]]}, {"input": [[0, 0, 0, 0, 0, 0, 0], [0, 0, 0, 8, 0, 0, 8], [0, 0, 8, 8, 0, 8, 8], [0, 0, 0, 0, 0, 0, 0], [8, 0, 0, 0, 0, 0, 0], [8, 8, 0, 0, 0, 0, 0], [0, 0, 0, 0, 0, 0, 0]], "output": [[0, 0, 0, 0, 0, 0, 0], [0, 0, 1, 8, 0, 1, 8], [0, 0, 8, 8, 0, 8, 8], [0, 0, 0, 0, 0, 0, 0], [8, 1, 0, 0, 0, 0, 0], [8, 8, 0, 0, 0, 0, 0], [0, 0, 0, 0, 0, 0, 0]]}, {"input": [[0, 0, 0, 8, 0, 0, 0], [0, 0, 0, 8, 8, 0, 0], [0, 0, 0, 0, 0, 0, 0], [0, 0, 0, 0, 0, 0, 0], [0, 0, 0, 0, 0, 0, 0], [0, 0, 0, 0, 0, 0, 0], [0, 0, 0, 0, 0, 0, 0]], "output": [[0, 0, 0, 8, 1, 0, 0], [0, 0, 0, 8, 8, 0, 0], [0, 0, 0, 0, 0, 0, 0], [0, 0, 0, 0, 0, 0, 0], [0, 0, 0, 0, 0, 0, 0], [0, 0, 0, 0, 0, 0, 0], [0, 0, 0, 0, 0, 0, 0]]}, {"input": [[0, 0, 0, 0, 0, 0, 0], [0, 0, 0, 8, 0, 0, 0], [0, 0, 0, 8, 8, 0, 0], [0, 0, 0, 0, 0, 0, 0], [0, 0, 0, 8, 0, 0, 0], [0, 0, 8, 8, 0, 0, 0], [0, 0, 0, 0, 0, 0, 0]], "output": [[0, 0, 0, 0, 0, 0, 0], [0, 0, 0, 8, 1, 0, 0], [0, 0, 0, 8, 8, 0, 0], [0, 0, 0, 0, 0, 0, 0], [0, 0, 1, 8, 0, 0, 0], [0, 0, 8, 8, 0, 0, 0], [0, 0, 0, 0, 0, 0, 0]]}, {"input": [[0, 0, 8, 8, 0, 0, 0], [0, 0, 0, 8, 0, 0, 0], [0, 0, 0, 0, 0, 0, 0], [0, 0, 0, 0, 0, 0, 0], [0, 0, 0, 0, 0, 0, 0], [0, 0, 0, 0, 0, 0, 0], [0, 0, 0, 0, 0, 0, 0]], "output": [[0, 0, 8, 8, 0, 0, 0], [0, 0, 1, 8, 0, 0, 0], [0, 0, 0, 0, 0, 0, 0], [0, 0, 0, 0, 0, 0, 0], [0, 0, 0, 0, 0, 0, 0], [0, 0, 0, 0, 0, 0, 0], [0, 0, 0, 0, 0, 0, 0]]}, {"input": [[8, 0, 0, 0, 0, 0, 0], [8, 8, 0, 0, 0, 0, 0], [0, 0, 0, 0, 0, 0, 0], [0, 0, 0, 0, 0, 0, 0], [0, 0, 0, 0, 0, 0, 0], [0, 0, 0, 0, 0, 0, 0], [0, 0, 0, 0, 0, 0, 0]], "output": [[8, 1, 0, 0, 0, 0, 0], [8, 8, 0, 0, 0, 0, 0], [0, 0, 0, 0, 0, 0, 0], [0, 0, 0, 0, 0, 0, 0], [0, 0, 0, 0, 0, 0, 0], [0, 0, 0, 0, 0, 0, 0], [0, 0, 0, 0, 0, 0, 0]]}, {"input": [[8, 0, 0, 0, 0, 0, 0], [8, 8, 0, 0, 8, 0, 0], [0, 0, 0, 0, 8, 8, 0], [0, 0, 0, 0, 0, 0, 0], [0, 0, 0, 0, 0, 0, 0], [0, 8, 8, 0, 0, 0, 8], [0, 0, 8, 0, 0, 8, 8]], "output": [[8, 1, 0, 0, 0, 0, 0], [8, 8, 0, 0, 8, 1, 0], [0, 0, 0, 0, 8, 8, 0], [0, 0, 0, 0, 0, 0, 0], [0, 0, 0, 0, 0, 0, 0], [0, 8, 8, 0, 0, 1, 8], [0, 1, 8, 0, 0, 8, 8]]}, {"input": [[0, 0, 0, 8, 8, 0, 0], [0, 0, 0, 8, 0, 0, 0], [8, 8, 0, 0, 0, 0, 8], [0, 8, 0, 0, 0, 8, 8], [0, 0, 0, 0, 0, 0, 0], [0, 0, 0, 0, 0, 0, 0], [0, 0, 0, 0, 0, 0, 0]], "output": [[0, 0, 0, 8, 8, 0, 0], [0, 0, 0, 8, 1, 0, 0], [8, 8, 0, 0, 0, 1, 8], [1, 8, 0, 0, 0, 8, 8], [0, 0, 0, 0, 0, 0, 0], [0, 0, 0, 0, 0, 0, 0], [0, 0, 0, 0, 0, 0, 0]]}, {"input": [[0, 0, 0, 0, 8, 8, 0], [0, 0, 0, 0, 8, 0, 0], [0, 0, 0, 0, 0, 0, 0], [0, 0, 0, 0, 0, 8, 0], [0, 0, 0, 0, 0, 8, 8], [0, 0, 0, 0, 0, 0, 0], [0, 0, 0, 0, 0, 0, 0]], "output": [[0, 0, 0, 0, 8, 8, 0], [0, 0, 0, 0, 8, 1, 0], [0, 0, 0, 0, 0, 0, 0], [0, 0, 0, 0, 0, 8, 1], [0, 0, 0, 0, 0, 8, 8], [0, 0, 0, 0, 0, 0, 0], [0, 0, 0, 0, 0, 0, 0]]}, {"input": [[0, 0, 0, 0, 8, 0, 0], [0, 0, 0, 0, 8, 8, 0], [0, 0, 0, 0, 0, 0, 0], [0, 0, 0, 0, 0, 0, 0], [0, 0, 0, 0, 0, 0, 0], [0, 0, 0, 0, 0, 0, 0], [0, 0, 0, 0, 0, 0, 0]], "output": [[0, 0, 0, 0, 8, 1, 0], [0, 0, 0, 0, 8, 8, 0], [0, 0, 0, 0, 0, 0, 0], [0, 0, 0, 0, 0, 0, 0], [0, 0, 0, 0, 0, 0, 0], [0, 0, 0, 0, 0, 0, 0], [0, 0, 0, 0, 0, 0, 0]]}, {"input": [[0, 0, 0, 0, 0, 0, 8], [0, 0, 0, 0, 0, 8, 8], [0, 0, 0, 0, 0, 0, 0], [0, 0, 0, 0, 0, 0, 0], [0, 0, 8, 8, 0, 8, 8], [0, 0, 8, 0, 0, 8, 0], [0, 0, 0, 0, 0, 0, 0]], "output": [[0, 0, 0, 0, 0, 1, 8], [0, 0, 0, 0, 0, 8, 8], [0, 0, 0, 0, 0, 0, 0], [0, 0, 0, 0, 0, 0, 0], [0, 0, 8, 8, 0, 8, 8], [0, 0, 8, 1, 0, 8, 1], [0, 0, 0, 0, 0, 0, 0]]}, {"input": [[0, 0, 8, 0, 0, 0, 0], [0, 0, 8, 8, 0, 0, 0], [0, 0, 0, 0, 0, 0, 0], [0, 0, 0, 0, 0, 0, 0], [0, 0, 0, 0, 0, 0, 0], [0, 0, 0, 0, 0, 0, 0], [0, 0, 0, 0, 0, 0, 0]], "output": [[0, 0, 8, 1, 0, 0, 0], [0, 0, 8, 8, 0, 0, 0], [0, 0, 0, 0, 0, 0, 0], [0, 0, 0, 0, 0, 0, 0], [0, 0, 0, 0, 0, 0, 0], [0, 0, 0, 0, 0, 0, 0], [0, 0, 0, 0, 0, 0, 0]]}, {"input": [[0, 0, 0, 0, 0, 0, 0], [0, 0, 0, 0, 8, 8, 0], [0, 0, 0, 0, 0, 8, 0], [0, 8, 8, 0, 0, 0, 0], [0, 8, 0, 0, 0, 0, 0], [0, 0, 0, 8, 0, 0, 0], [0, 0, 0, 8, 8, 0, 0]], "output": [[0, 0, 0, 0, 0, 0, 0], [0, 0, 0, 0, 8, 8, 0], [0, 0, 0, 0, 1, 8, 0], [0, 8, 8, 0, 0, 0, 0], [0, 8, 1, 0, 0, 0, 0], [0, 0, 0, 8, 1, 0, 0], [0, 0, 0, 8, 8, 0, 0]]}, {"input": [[8, 8, 0, 0, 0, 0, 0], [8, 0, 0, 0, 0, 0, 0], [0, 0, 0, 0, 8, 0, 0], [0, 0, 0, 0, 8, 8, 0], [0, 0, 0, 0, 0, 0, 0], [8, 8, 0, 0, 0, 0, 0], [0, 8, 0, 0, 0, 0, 0]], "output": [[8, 8, 0, 0, 0, 0, 0], [8, 1, 0, 0, 0, 0, 0], [0, 0, 0, 0, 8, 1, 0], [0, 0, 0, 0, 8, 8, 0], [0, 0, 0, 0, 0, 0, 0], [8, 8, 0, 0, 0, 0, 0], [1, 8, 0, 0, 0, 0, 0]]}, {"input": [[0, 0, 0, 0, 0, 0, 0], [8, 0, 0, 0, 0, 0, 0], [8, 8, 0, 0, 0, 0, 0], [0, 0, 0, 0, 0, 0, 0], [0, 0, 0, 0, 0, 0, 0], [0, 0, 0, 0, 0, 0, 0], [0, 0, 0, 0, 0, 0, 0]], "output": [[0, 0, 0, 0, 0, 0, 0], [8, 1, 0, 0, 0, 0, 0], [8, 8, 0, 0, 0, 0, 0], [0, 0, 0, 0, 0, 0, 0], [0, 0, 0, 0, 0, 0, 0], [0, 0, 0, 0, 0, 0, 0], [0, 0, 0, 0, 0, 0, 0]]}, {"input": [[0, 0, 0, 0, 0, 0, 0], [0, 0, 8, 0, 0, 0, 0], [0, 8, 8, 0, 0, 0, 0], [0, 0, 0, 0, 0, 0, 0], [0, 0, 0, 0, 0, 0, 0], [0, 0, 0, 8, 8, 0, 0], [0, 0, 0, 8, 0, 0, 0]], "output": [[0, 0, 0, 0, 0, 0, 0], [0, 1, 8, 0, 0, 0, 0], [0, 8, 8, 0, 0, 0, 0], [0, 0, 0, 0, 0, 0, 0], [0, 0, 0, 0, 0, 0, 0], [0, 0, 0, 8, 8, 0, 0], [0, 0, 0, 8, 1, 0, 0]]}, {"input": [[0, 0, 0, 0, 0, 0, 0], [0, 0, 0, 0, 0, 0, 0], [8, 8, 0, 8, 8, 0, 0], [0, 8, 0, 0, 8, 0, 0], [0, 0, 0, 0, 0, 0, 0], [0, 0, 0, 0, 0, 0, 0], [0, 0, 0, 0, 0, 0, 0]], "output": [[0, 0, 0, 0, 0, 0, 0], [0, 0, 0, 0, 0, 0, 0], [8, 8, 0, 8, 8, 0, 0], [1, 8, 0, 1, 8, 0, 0], [0, 0, 0, 0, 0, 0, 0], [0, 0, 0, 0, 0, 0, 0], [0, 0, 0, 0, 0, 0, 0]]}, {"input": [[0, 0, 0, 0, 0, 8, 8], [0, 0, 0, 0, 0, 0, 8], [0, 0, 8, 0, 0, 0, 0], [0, 0, 8, 8, 0, 8, 8], [0, 0, 0, 0, 0, 8, 0], [0, 0, 0, 0, 0, 0, 0], [0, 0, 0, 0, 0, 0, 0]], "output": [[0, 0, 0, 0, 0, 8, 8], [0, 0, 0, 0, 0, 1, 8], [0, 0, 8, 1, 0, 0, 0], [0, 0, 8, 8, 0, 8, 8], [0, 0, 0, 0, 0, 8, 1], [0, 0, 0, 0, 0, 0, 0], [0, 0, 0, 0, 0, 0, 0]]}, {"input": [[0, 0, 0, 0, 0, 0, 0], [0, 8, 8, 0, 0, 0, 0], [0, 8, 0, 0, 0, 0, 8], [0, 0, 0, 0, 0, 8, 8], [0, 0, 0, 0, 0, 0, 0], [8, 8, 0, 8, 8, 0, 0], [8, 0, 0, 0, 8, 0, 0]], "output": [[0, 0, 0, 0, 0, 0, 0], [0, 8, 8, 0, 0, 0, 0], [0, 8, 1, 0, 0, 1, 8], [0, 0, 0, 0, 0, 8, 8], [0, 0, 0, 0, 0, 0, 0], [8, 8, 0, 8, 8, 0, 0], [8, 1, 0, 1, 8, 0, 0]]}, {"input": [[0, 0, 0, 0, 8, 0, 0], [0, 0, 0, 8, 8, 0, 0], [0, 0, 0, 0, 0, 0, 0], [0, 0, 0, 0, 0, 0, 0], [0, 0, 0, 8, 0, 0, 0], [0, 0, 0, 8, 8, 0, 0], [0, 0, 0, 0, 0, 0, 0]], "output": [[0, 0, 0, 1, 8, 0, 0], [0, 0, 0, 8, 8, 0, 0], [0, 0, 0, 0, 0, 0, 0], [0, 0, 0, 0, 0, 0, 0], [0, 0, 0, 8, 1, 0, 0], [0, 0, 0, 8, 8, 0, 0], [0, 0, 0, 0, 0, 0, 0]]}, {"input": [[0, 0, 0, 0, 0, 0, 0], [0, 0, 0, 0, 8, 0, 0], [0, 0, 0, 8, 8, 0, 0], [0, 8, 0, 0, 0, 0, 0], [0, 8, 8, 0, 0, 0, 0], [0, 0, 0, 0, 8, 0, 0], [0, 0, 0, 8, 8, 0, 0]], "output": [[0, 0, 0, 0, 0, 0, 0], [0, 0, 0, 1, 8, 0, 0], [0, 0, 0, 8, 8, 0, 0], [0, 8, 1, 0, 0, 0, 0], [0, 8, 8, 0, 0, 0, 0], [0, 0, 0, 1, 8, 0, 0], [0, 0, 0, 8, 8, 0, 0]]}, {"input": [[0, 0, 8, 8, 0, 0, 0], [0, 0, 0, 8, 0, 0, 0], [0, 0, 0, 0, 0, 0, 0], [0, 0, 0, 0, 0, 0, 0], [0, 0, 0, 0, 0, 0, 0], [0, 0, 0, 0, 8, 0, 0], [0, 0, 0, 0, 8, 8, 0]], "output": [[0, 0, 8, 8, 0, 0, 0], [0, 0, 1, 8, 0, 0, 0], [0, 0, 0, 0, 0, 0, 0], [0, 0, 0, 0, 0, 0, 0], [0, 0, 0, 0, 0, 0, 0], [0, 0, 0, 0, 8, 1, 0], [0, 0, 0, 0, 8, 8, 0]]}, {"input": [[0, 0, 0, 0, 0, 0, 0], [0, 0, 0, 8, 0, 0, 0], [0, 0, 0, 8, 8, 0, 0], [0, 0, 0, 0, 0, 0, 0], [0, 8, 8, 0, 8, 8, 0], [0, 8, 0, 0, 8, 0, 0], [0, 0, 0, 0, 0, 0, 0]], "output": [[0, 0, 0, 0, 0, 0, 0], [0, 0, 0, 8, 1, 0, 0], [0, 0, 0, 8, 8, 0, 0], [0, 0, 0, 0, 0, 0, 0], [0, 8, 8, 0, 8, 8, 0], [0, 8, 1, 0, 8, 1, 0], [0, 0, 0, 0, 0, 0, 0]]}, {"input": [[0, 0, 0, 0, 0, 0, 0], [0, 0, 0, 0, 0, 0, 0], [8, 0, 0, 0, 0, 0, 0], [8, 8, 0, 0, 0, 0, 0], [0, 0, 0, 0, 0, 0, 0], [8, 8, 0, 0, 0, 0, 0], [8, 0, 0, 0, 0, 0, 0]], "output": [[0, 0, 0, 0, 0, 0, 0], [0, 0, 0, 0, 0, 0, 0], [8, 1, 0, 0, 0, 0, 0], [8, 8, 0, 0, 0, 0, 0], [0, 0, 0, 0, 0, 0, 0], [8, 8, 0, 0, 0, 0, 0], [8, 1, 0, 0, 0, 0, 0]]}, {"input": [[0, 0, 0, 0, 0, 0, 0], [0, 0, 0, 0, 0, 0, 0], [0, 8, 0, 0, 0, 8, 8], [0, 8, 8, 0, 0, 0, 8], [0, 0, 0, 0, 0, 0, 0], [0, 0, 0, 0, 0, 0, 0], [0, 0, 0, 0, 0, 0, 0]], "output": [[0, 0, 0, 0, 0, 0, 0], [0, 0, 0, 0, 0, 0, 0], [0, 8, 1, 0, 0, 8, 8], [0, 8, 8, 0, 0, 1, 8], [0, 0, 0, 0, 0, 0, 0], [0, 0, 0, 0, 0, 0, 0], [0, 0, 0, 0, 0, 0, 0]]}, {"input": [[0, 0, 0, 0, 0, 0, 8], [0, 8, 8, 0, 0, 8, 8], [0, 0, 8, 0, 0, 0, 0], [0, 0, 0, 0, 0, 0, 0], [0, 0, 0, 0, 0, 0, 0], [0, 0, 0, 0, 0, 0, 0], [0, 0, 0, 0, 0, 0, 0]], "output": [[0, 0, 0, 0, 0, 1, 8], [0, 8, 8, 0, 0, 8, 8], [0, 1, 8, 0, 0, 0, 0], [0, 0, 0, 0, 0, 0, 0], [0, 0, 0, 0, 0, 0, 0], [0, 0, 0, 0, 0, 0, 0], [0, 0, 0, 0, 0, 0, 0]]}, {"input": [[8, 8, 0, 0, 0, 0, 0], [8, 0, 0, 0, 8, 8, 0], [0, 0, 0, 0, 0, 8, 0], [0, 0, 0, 0, 0, 0, 0], [0, 0, 0, 0, 0, 0, 8], [0, 0, 0, 0, 0, 8, 8], [0, 0, 0, 0, 0, 0, 0]], "output": [[8, 8, 0, 0, 0, 0, 0], [8, 1, 0, 0, 8, 8, 0], [0, 0, 0, 0, 1, 8, 0], [0, 0, 0, 0, 0, 0, 0], [0, 0, 0, 0, 0, 1, 8], [0, 0, 0, 0, 0, 8, 8], [0, 0, 0, 0, 0, 0, 0]]}, {"input": [[0, 0, 0, 0, 0, 0, 0], [0, 0, 0, 0, 0, 8, 8], [0, 0, 0, 8, 0, 0, 8], [0, 0, 8, 8, 0, 0, 0], [0, 0, 0, 0, 0, 0, 0], [8, 8, 0, 8, 0, 0, 0], [0, 8, 0, 8, 8, 0, 0]], "output": [[0, 0, 0, 0, 0, 0, 0], [0, 0, 0, 0, 0, 8, 8], [0, 0, 1, 8, 0, 1, 8], [0, 0, 8, 8, 0, 0, 0], [0, 0, 0, 0, 0, 0, 0], [8, 8, 0, 8, 1, 0, 0], [1, 8, 0, 8, 8, 0, 0]]}, {"input": [[0, 0, 0, 0, 0, 0, 0], [0, 0, 0, 0, 0, 0, 0], [8, 0, 0, 8, 8, 0, 0], [8, 8, 0, 0, 8, 0, 0], [0, 0, 0, 0, 0, 0, 0], [0, 0, 0, 8, 0, 0, 0], [0, 0, 8, 8, 0, 0, 0]], "output": [[0, 0, 0, 0, 0, 0, 0], [0, 0, 0, 0, 0, 0, 0], [8, 1, 0, 8, 8, 0, 0], [8, 8, 0, 1, 8, 0, 0], [0, 0, 0, 0, 0, 0, 0], [0, 0, 1, 8, 0, 0, 0], [0, 0, 8, 8, 0, 0, 0]]}, {"input": [[8, 8, 0, 8, 0, 0, 0], [0, 8, 0, 8, 8, 0, 0], [0, 0, 0, 0, 0, 0, 0], [0, 0, 0, 0, 0, 0, 0], [0, 0, 0, 0, 0, 0, 0], [0, 0, 0, 0, 0, 0, 0], [0, 0, 0, 0, 0, 0, 0]], "output": [[8, 8, 0, 8, 1, 0, 0], [1, 8, 0, 8, 8, 0, 0], [0, 0, 0, 0, 0, 0, 0], [0, 0, 0, 0, 0, 0, 0], [0, 0, 0, 0, 0, 0, 0], [0, 0, 0, 0, 0, 0, 0], [0, 0, 0, 0, 0, 0, 0]]}, {"input": [[0, 0, 8, 0, 8, 8, 0], [0, 8, 8, 0, 8, 0, 0], [0, 0, 0, 0, 0, 0, 0], [0, 0, 0, 0, 0, 0, 0], [0, 0, 0, 0, 0, 0, 0], [0, 0, 0, 0, 0, 0, 0], [0, 0, 0, 0, 0, 0, 0]], "output": [[0, 1, 8, 0, 8, 8, 0], [0, 8, 8, 0, 8, 1, 0], [0, 0, 0, 0, 0, 0, 0], [0, 0, 0, 0, 0, 0, 0], [0, 0, 0, 0, 0, 0, 0], [0, 0, 0, 0, 0, 0, 0], [0, 0, 0, 0, 0, 0, 0]]}, {"input": [[0, 0, 0, 0, 0, 0, 0], [0, 0, 0, 0, 0, 0, 0], [8, 8, 0, 0, 0, 0, 0], [0, 8, 0, 0, 0, 0, 0], [0, 0, 0, 0, 0, 0, 0], [0, 0, 0, 0, 0, 0, 0], [0, 0, 0, 0, 0, 0, 0]], "output": [[0, 0, 0, 0, 0, 0, 0], [0, 0, 0, 0, 0, 0, 0], [8, 8, 0, 0, 0, 0, 0], [1, 8, 0, 0, 0, 0, 0], [0, 0, 0, 0, 0, 0, 0], [0, 0, 0, 0, 0, 0, 0], [0, 0, 0, 0, 0, 0, 0]]}, {"input": [[0, 0, 0, 0, 0, 0, 0], [0, 0, 0, 0, 0, 0, 0], [0, 0, 8, 8, 0, 0, 0], [0, 0, 0, 8, 0, 0, 0], [8, 8, 0, 0, 0, 0, 0], [0, 8, 0, 0, 0, 0, 0], [0, 0, 0, 0, 0, 0, 0]], "output": [[0, 0, 0, 0, 0, 0, 0], [0, 0, 0, 0, 0, 0, 0], [0, 0, 8, 8, 0, 0, 0], [0, 0, 1, 8, 0, 0, 0], [8, 8, 0, 0, 0, 0, 0], [1, 8, 0, 0, 0, 0, 0], [0, 0, 0, 0, 0, 0, 0]]}, {"input": [[0, 0, 0, 0, 0, 0, 0], [0, 0, 0, 0, 0, 0, 0], [0, 0, 0, 8, 0, 8, 0], [0, 0, 8, 8, 0, 8, 8], [0, 0, 0, 0, 0, 0, 0], [0, 0, 0, 8, 0, 0, 0], [0, 0, 8, 8, 0, 0, 0]], "output": [[0, 0, 0, 0, 0, 0, 0], [0, 0, 0, 0, 0, 0, 0], [0, 0, 1, 8, 0, 8, 1], [0, 0, 8, 8, 0, 8, 8], [0, 0, 0, 0, 0, 0, 0], [0, 0, 1, 8, 0, 0, 0], [0, 0, 8, 8, 0, 0, 0]]}, {"input": [[0, 0, 0, 0, 0, 8, 0], [0, 0, 0, 0, 0, 8, 8], [0, 0, 0, 8, 0, 0, 0], [0, 0, 8, 8, 0, 0, 0], [0, 0, 0, 0, 0, 0, 0], [8, 0, 0, 0, 0, 0, 0], [8, 8, 0, 0, 0, 0, 0]], "output": [[0, 0, 0, 0, 0, 8, 1], [0, 0, 0, 0, 0, 8, 8], [0, 0, 1, 8, 0, 0, 0], [0, 0, 8, 8, 0, 0, 0], [0, 0, 0, 0, 0, 0, 0], [8, 1, 0, 0, 0, 0, 0], [8, 8, 0, 0, 0, 0, 0]]}, {"input": [[0, 0, 0, 0, 0, 8, 8], [0, 0, 0, 8, 0, 8, 0], [0, 0, 8, 8, 0, 0, 0], [0, 0, 0, 0, 0, 0, 0], [8, 8, 0, 0, 0, 8, 0], [0, 8, 0, 0, 0, 8, 8], [0, 0, 0, 0, 0, 0, 0]], "output": [[0, 0, 0, 0, 0, 8, 8], [0, 0, 1, 8, 0, 8, 1], [0, 0, 8, 8, 0, 0, 0], [0, 0, 0, 0, 0, 0, 0], [8, 8, 0, 0, 0, 8, 1], [1, 8, 0, 0, 0, 8, 8], [0, 0, 0, 0, 0, 0, 0]]}, {"input": [[0, 0, 0, 0, 0, 0, 0], [0, 0, 0, 0, 0, 0, 0], [0, 0, 0, 0, 0, 8, 0], [0, 8, 0, 0, 0, 8, 8], [0, 8, 8, 0, 0, 0, 0], [0, 0, 0, 0, 0, 0, 0], [0, 0, 0, 0, 0, 0, 0]], "output": [[0, 0, 0, 0, 0, 0, 0], [0, 0, 0, 0, 0, 0, 0], [0, 0, 0, 0, 0, 8, 1], [0, 8, 1, 0, 0, 8, 8], [0, 8, 8, 0, 0, 0, 0], [0, 0, 0, 0, 0, 0, 0], [0, 0, 0, 0, 0, 0, 0]]}, {"input": [[0, 0, 0, 0, 0, 0, 0], [0, 0, 0, 0, 0, 8, 0], [0, 0, 0, 0, 0, 8, 8], [0, 0, 0, 0, 0, 0, 0], [0, 0, 0, 0, 0, 0, 0], [0, 0, 0, 0, 0, 0, 0], [0, 0, 0, 0, 0, 0, 0]], "output": [[0, 0, 0, 0, 0, 0, 0], [0, 0, 0, 0, 0, 8, 1], [0, 0, 0, 0, 0, 8, 8], [0, 0, 0, 0, 0, 0, 0], [0, 0, 0, 0, 0, 0, 0], [0, 0, 0, 0, 0, 0, 0], [0, 0, 0, 0, 0, 0, 0]]}, {"input": [[0, 0, 0, 0, 0, 0, 0], [0, 0, 0, 0, 0, 0, 0], [0, 0, 0, 0, 8, 8, 0], [0, 0, 0, 0, 0, 8, 0], [0, 0, 0, 0, 0, 0, 0], [0, 0, 0, 0, 0, 0, 0], [0, 0, 0, 0, 0, 0, 0]], "output": [[0, 0, 0, 0, 0, 0, 0], [0, 0, 0, 0, 0, 0, 0], [0, 0, 0, 0, 8, 8, 0], [0, 0, 0, 0, 1, 8, 0], [0, 0, 0, 0, 0, 0, 0], [0, 0, 0, 0, 0, 0, 0], [0, 0, 0, 0, 0, 0, 0]]}, {"input": [[0, 0, 0, 0, 0, 0, 0], [0, 0, 0, 8, 0, 0, 0], [0, 0, 0, 8, 8, 0, 0], [0, 0, 0, 0, 0, 0, 0], [0, 0, 0, 0, 0, 0, 0], [0, 8, 0, 0, 0, 0, 0], [8, 8, 0, 0, 0, 0, 0]], "output": [[0, 0, 0, 0, 0, 0, 0], [0, 0, 0, 8, 1, 0, 0], [0, 0, 0, 8, 8, 0, 0], [0, 0, 0, 0, 0, 0, 0], [0, 0, 0, 0, 0, 0, 0], [1, 8, 0, 0, 0, 0, 0], [8, 8, 0, 0, 0, 0, 0]]}, {"input": [[0, 0, 0, 0, 0, 0, 0], [0, 0, 0, 8, 0, 0, 0], [0, 0, 8, 8, 0, 8, 0], [0, 0, 0, 0, 0, 8, 8], [0, 0, 0, 0, 0, 0, 0], [0, 0, 8, 0, 0, 0, 0], [0, 8, 8, 0, 0, 0, 0]], "output": [[0, 0, 0, 0, 0, 0, 0], [0, 0, 1, 8, 0, 0, 0], [0, 0, 8, 8, 0, 8, 1], [0, 0, 0, 0, 0, 8, 8], [0, 0, 0, 0, 0, 0, 0], [0, 1, 8, 0, 0, 0, 0], [0, 8, 8, 0, 0, 0, 0]]}, {"input": [[0, 0, 0, 0, 0, 0, 0], [8, 0, 0, 0, 8, 0, 0], [8, 8, 0, 0, 8, 8, 0], [0, 0, 0, 0, 0, 0, 0], [0, 0, 8, 0, 0, 0, 0], [0, 8, 8, 0, 8, 8, 0], [0, 0, 0, 0, 0, 8, 0]], "output": [[0, 0, 0, 0, 0, 0, 0], [8, 1, 0, 0, 8, 1, 0], [8, 8, 0, 0, 8, 8, 0], [0, 0, 0, 0, 0, 0, 0], [0, 1, 8, 0, 0, 0, 0], [0, 8, 8, 0, 8, 8, 0], [0, 0, 0, 0, 1, 8, 0]]}, {"input": [[0, 0, 0, 8, 0, 0, 0], [0, 0, 8, 8, 0, 0, 0], [0, 0, 0, 0, 0, 0, 0], [0, 0, 0, 0, 0, 0, 0], [0, 0, 0, 0, 0, 0, 0], [0, 0, 0, 0, 0, 0, 0], [0, 0, 0, 0, 0, 0, 0]], "output": [[0, 0, 1, 8, 0, 0, 0], [0, 0, 8, 8, 0, 0, 0], [0, 0, 0, 0, 0, 0, 0], [0, 0, 0, 0, 0, 0, 0], [0, 0, 0, 0, 0, 0, 0], [0, 0, 0, 0, 0, 0, 0], [0, 0, 0, 0, 0, 0, 0]]}, {"input": [[0, 0, 0, 0, 0, 8, 0], [0, 0, 0, 0, 0, 8, 8], [0, 0, 0, 0, 0, 0, 0], [0, 0, 0, 0, 0, 0, 0], [0, 0, 0, 0, 0, 0, 0], [0, 0, 0, 0, 8, 8, 0], [0, 0, 0, 0, 0, 8, 0]], "output": [[0, 0, 0, 0, 0, 8, 1], [0, 0, 0, 0, 0, 8, 8], [0, 0, 0, 0, 0, 0, 0], [0, 0, 0, 0, 0, 0, 0], [0, 0, 0, 0, 0, 0, 0], [0, 0, 0, 0, 8, 8, 0], [0, 0, 0, 0, 1, 8, 0]]}, {"input": [[0, 0, 8, 0, 0, 0, 0], [0, 8, 8, 0, 0, 0, 0], [0, 0, 0, 0, 8, 8, 0], [0, 0, 0, 0, 8, 0, 0], [0, 0, 0, 0, 0, 0, 0], [0, 8, 8, 0, 0, 0, 0], [0, 0, 8, 0, 0, 0, 0]], "output": [[0, 1, 8, 0, 0, 0, 0], [0, 8, 8, 0, 0, 0, 0], [0, 0, 0, 0, 8, 8, 0], [0, 0, 0, 0, 8, 1, 0], [0, 0, 0, 0, 0, 0, 0], [0, 8, 8, 0, 0, 0, 0], [0, 1, 8, 0, 0, 0, 0]]}, {"input": [[0, 0, 8, 8, 0, 0, 0], [0, 0, 8, 0, 0, 0, 0], [0, 0, 0, 0, 8, 8, 0], [0, 0, 0, 0, 0, 8, 0], [0, 0, 0, 0, 0, 0, 0], [0, 0, 0, 0, 0, 0, 0], [0, 0, 0, 0, 0, 0, 0]], "output": [[0, 0, 8, 8, 0, 0, 0], [0, 0, 8, 1, 0, 0, 0], [0, 0, 0, 0, 8, 8, 0], [0, 0, 0, 0, 1, 8, 0], [0, 0, 0, 0, 0, 0, 0], [0, 0, 0, 0, 0, 0, 0], [0, 0, 0, 0, 0, 0, 0]]}, {"input": [[0, 0, 8, 8, 0, 0, 0], [0, 0, 0, 8, 0, 0, 0], [0, 8, 0, 0, 0, 0, 0], [0, 8, 8, 0, 0, 0, 0], [0, 0, 0, 0, 8, 8, 0], [0, 0, 0, 0, 8, 0, 0], [0, 0, 0, 0, 0, 0, 0]], "output": [[0, 0, 8, 8, 0, 0, 0], [0, 0, 1, 8, 0, 0, 0], [0, 8, 1, 0, 0, 0, 0], [0, 8, 8, 0, 0, 0, 0], [0, 0, 0, 0, 8, 8, 0], [0, 0, 0, 0, 8, 1, 0], [0, 0, 0, 0, 0, 0, 0]]}, {"input": [[0, 0, 0, 0, 8, 0, 0], [0, 0, 0, 0, 8, 8, 0], [0, 0, 0, 0, 0, 0, 0], [0, 0, 0, 0, 0, 0, 0], [0, 0, 8, 8, 0, 0, 0], [0, 0, 8, 0, 0, 0, 8], [0, 0, 0, 0, 0, 8, 8]], "output": [[0, 0, 0, 0, 8, 1, 0], [0, 0, 0, 0, 8, 8, 0], [0, 0, 0, 0, 0, 0, 0], [0, 0, 0, 0, 0, 0, 0], [0, 0, 8, 8, 0, 0, 0], [0, 0, 8, 1, 0, 1, 8], [0, 0, 0, 0, 0, 8, 8]]}, {"input": [[0, 0, 0, 8, 8, 0, 0], [0, 0, 0, 8, 0, 0, 0], [0, 8, 0, 0, 0, 0, 0], [8, 8, 0, 0, 0, 8, 8], [0, 0, 0, 0, 0, 8, 0], [0, 0, 0, 0, 0, 0, 0], [0, 0, 0, 0, 0, 0, 0]], "output": [[0, 0, 0, 8, 8, 0, 0], [0, 0, 0, 8, 1, 0, 0], [1, 8, 0, 0, 0, 0, 0], [8, 8, 0, 0, 0, 8, 8], [0, 0, 0, 0, 0, 8, 1], [0, 0, 0, 0, 0, 0, 0], [0, 0, 0, 0, 0, 0, 0]]}, {"input": [[0, 8, 8, 0, 0, 0, 0], [0, 0, 8, 0, 8, 8, 0], [0, 0, 0, 0, 8, 0, 0], [0, 0, 0, 0, 0, 0, 0], [0, 0, 0, 0, 0, 0, 0], [8, 8, 0, 8, 8, 0, 0], [8, 0, 0, 8, 0, 0, 0]], "output": [[0, 8, 8, 0, 0, 0, 0], [0, 1, 8, 0, 8, 8, 0], [0, 0, 0, 0, 8, 1, 0], [0, 0, 0, 0, 0, 0, 0], [0, 0, 0, 0, 0, 0, 0], [8, 8, 0, 8, 8, 0, 0], [8, 1, 0, 8, 1, 0, 0]]}, {"input": [[0, 8, 0, 0, 0, 0, 0], [0, 8, 8, 0, 0, 0, 0], [0, 0, 0, 0, 8, 8, 0], [0, 0, 8, 0, 8, 0, 0], [0, 8, 8, 0, 0, 0, 0], [0, 0, 0, 0, 0, 0, 0], [0, 0, 0, 0, 0, 0, 0]], "output": [[0, 8, 1, 0, 0, 0, 0], [0, 8, 8, 0, 0, 0, 0], [0, 0, 0, 0, 8, 8, 0], [0, 1, 8, 0, 8, 1, 0], [0, 8, 8, 0, 0, 0, 0], [0, 0, 0, 0, 0, 0, 0], [0, 0, 0, 0, 0, 0, 0]]}, {"input": [[0, 0, 0, 0, 0, 0, 0], [0, 0, 0, 0, 0, 0, 0], [0, 0, 0, 0, 0, 0, 0], [0, 0, 0, 0, 0, 0, 0], [0, 0, 0, 0, 0, 0, 0], [0, 0, 8, 8, 0, 0, 0], [0, 0, 8, 0, 0, 0, 0]], "output": [[0, 0, 0, 0, 0, 0, 0], [0, 0, 0, 0, 0, 0, 0], [0, 0, 0, 0, 0, 0, 0], [0, 0, 0, 0, 0, 0, 0], [0, 0, 0, 0, 0, 0, 0], [0, 0, 8, 8, 0, 0, 0], [0, 0, 8, 1, 0, 0, 0]]}, {"input": [[8, 8, 0, 0, 0, 0, 0], [8, 0, 0, 0, 0, 0, 0], [0, 0, 0, 8, 0, 0, 0], [0, 0, 0, 8, 8, 0, 0], [0, 0, 0, 0, 0, 0, 0], [0, 0, 0, 0, 0, 0, 0], [0, 0, 0, 0, 0, 0, 0]], "output": [[8, 8, 0, 0, 0, 0, 0], [8, 1, 0, 0, 0, 0, 0], [0, 0, 0, 8, 1, 0, 0], [0, 0, 0, 8, 8, 0, 0], [0, 0, 0, 0, 0, 0, 0], [0, 0, 0, 0, 0, 0, 0], [0, 0, 0, 0, 0, 0, 0]]}, {"input": [[8, 0, 0, 8, 8, 0, 0], [8, 8, 0, 0, 8, 0, 0], [0, 0, 0, 0, 0, 0, 0], [0, 8, 8, 0, 0, 0, 0], [0, 0, 8, 0, 0, 0, 0], [0, 0, 0, 0, 0, 8, 0], [0, 0, 0, 0, 0, 8, 8]], "output": [[8, 1, 0, 8, 8, 0, 0], [8, 8, 0, 1, 8, 0, 0], [0, 0, 0, 0, 0, 0, 0], [0, 8, 8, 0, 0, 0, 0], [0, 1, 8, 0, 0, 0, 0], [0, 0, 0, 0, 0, 8, 1], [0, 0, 0, 0, 0, 8, 8]]}, {"input": [[0, 0, 0, 0, 0, 0, 0], [8, 8, 0, 0, 0, 0, 0], [0, 8, 0, 0, 0, 0, 0], [0, 0, 0, 8, 8, 0, 0], [0, 8, 0, 0, 8, 0, 0], [8, 8, 0, 0, 0, 0, 0], [0, 0, 0, 0, 0, 0, 0]], "output": [[0, 0, 0, 0, 0, 0, 0], [8, 8, 0, 0, 0, 0, 0], [1, 8, 0, 0, 0, 0, 0], [0, 0, 0, 8, 8, 0, 0], [1, 8, 0, 1, 8, 0, 0], [8, 8, 0, 0, 0, 0, 0], [0, 0, 0, 0, 0, 0, 0]]}, {"input": [[0, 0, 8, 8, 0, 0, 0], [0, 0, 8, 0, 0, 0, 0], [0, 0, 0, 0, 0, 0, 0], [0, 0, 0, 0, 0, 0, 0], [0, 0, 0, 0, 0, 0, 0], [0, 0, 0, 0, 0, 0, 0], [0, 0, 0, 0, 0, 0, 0]], "output": [[0, 0, 8, 8, 0, 0, 0], [0, 0, 8, 1, 0, 0, 0], [0, 0, 0, 0, 0, 0, 0], [0, 0, 0, 0, 0, 0, 0], [0, 0, 0, 0, 0, 0, 0], [0, 0, 0, 0, 0, 0, 0], [0, 0, 0, 0, 0, 0, 0]]}, {"input": [[0, 0, 0, 0, 0, 0, 0], [0, 0, 0, 0, 0, 0, 0], [0, 8, 8, 0, 0, 0, 8], [0, 0, 8, 0, 0, 8, 8], [0, 0, 0, 0, 0, 0, 0], [0, 0, 0, 8, 0, 0, 0], [0, 0, 8, 8, 0, 0, 0]], "output": [[0, 0, 0, 0, 0, 0, 0], [0, 0, 0, 0, 0, 0, 0], [0, 8, 8, 0, 0, 1, 8], [0, 1, 8, 0, 0, 8, 8], [0, 0, 0, 0, 0, 0, 0], [0, 0, 1, 8, 0, 0, 0], [0, 0, 8, 8, 0, 0, 0]]}, {"input": [[0, 0, 0, 0, 0, 0, 0], [8, 8, 0, 0, 0, 0, 0], [0, 8, 0, 0, 0, 0, 0], [0, 0, 0, 0, 0, 8, 8], [8, 8, 0, 0, 0, 8, 0], [8, 0, 0, 0, 0, 0, 0], [0, 0, 0, 0, 0, 0, 0]], "output": [[0, 0, 0, 0, 0, 0, 0], [8, 8, 0, 0, 0, 0, 0], [1, 8, 0, 0, 0, 0, 0], [0, 0, 0, 0, 0, 8, 8], [8, 8, 0, 0, 0, 8, 1], [8, 1, 0, 0, 0, 0, 0], [0, 0, 0, 0, 0, 0, 0]]}, {"input": [[0, 0, 0, 0, 0, 0, 0], [0, 0, 0, 0, 0, 0, 0], [0, 0, 0, 0, 8, 0, 0], [0, 0, 0, 8, 8, 0, 0], [0, 8, 0, 0, 0, 0, 0], [8, 8, 0, 0, 0, 0, 0], [0, 0, 0, 0, 0, 0, 0]], "output": [[0, 0, 0, 0, 0, 0, 0], [0, 0, 0, 0, 0, 0, 0], [0, 0, 0, 1, 8, 0, 0], [0, 0, 0, 8, 8, 0, 0], [1, 8, 0, 0, 0, 0, 0], [8, 8, 0, 0, 0, 0, 0], [0, 0, 0, 0, 0, 0, 0]]}, {"input": [[0, 0, 0, 0, 0, 0, 0], [0, 0, 0, 8, 8, 0, 0], [0, 0, 0, 0, 8, 0, 0], [0, 0, 0, 0, 0, 0, 0], [0, 0, 0, 0, 0, 0, 0], [0, 0, 0, 0, 0, 0, 0], [0, 0, 0, 0, 0, 0, 0]], "output": [[0, 0, 0, 0, 0, 0, 0], [0, 0, 0, 8, 8, 0, 0], [0, 0, 0, 1, 8, 0, 0], [0, 0, 0, 0, 0, 0, 0], [0, 0, 0, 0, 0, 0, 0], [0, 0, 0, 0, 0, 0, 0], [0, 0, 0, 0, 0, 0, 0]]}, {"input": [[0, 0, 0, 0, 0, 0, 0], [0, 8, 0, 0, 0, 0, 0], [0, 8, 8, 0, 0, 0, 0], [0, 0, 0, 0, 0, 0, 0], [0, 0, 0, 0, 8, 8, 0], [0, 0, 0, 0, 0, 8, 0], [0, 0, 0, 0, 0, 0, 0]], "output": [[0, 0, 0, 0, 0, 0, 0], [0, 8, 1, 0, 0, 0, 0], [0, 8, 8, 0, 0, 0, 0], [0, 0, 0, 0, 0, 0, 0], [0, 0, 0, 0, 8, 8, 0], [0, 0, 0, 0, 1, 8, 0], [0, 0, 0, 0, 0, 0, 0]]}, {"input": [[0, 0, 0, 0, 0, 0, 0], [0, 0, 0, 0, 0, 0, 0], [0, 0, 0, 0, 0, 8, 8], [0, 0, 0, 0, 0, 8, 0], [0, 0, 0, 0, 0, 0, 0], [0, 0, 0, 0, 0, 8, 8], [0, 0, 0, 0, 0, 8, 0]], "output": [[0, 0, 0, 0, 0, 0, 0], [0, 0, 0, 0, 0, 0, 0], [0, 0, 0, 0, 0, 8, 8], [0, 0, 0, 0, 0, 8, 1], [0, 0, 0, 0, 0, 0, 0], [0, 0, 0, 0, 0, 8, 8], [0, 0, 0, 0, 0, 8, 1]]}, {"input": [[0, 0, 0, 0, 0, 0, 0], [0, 0, 0, 0, 0, 0, 0], [0, 0, 0, 0, 8, 0, 0], [0, 0, 0, 0, 8, 8, 0], [0, 0, 0, 0, 0, 0, 0], [0, 0, 0, 0, 0, 0, 0], [0, 0, 0, 0, 0, 0, 0]], "output": [[0, 0, 0, 0, 0, 0, 0], [0, 0, 0, 0, 0, 0, 0], [0, 0, 0, 0, 8, 1, 0], [0, 0, 0, 0, 8, 8, 0], [0, 0, 0, 0, 0, 0, 0], [0, 0, 0, 0, 0, 0, 0], [0, 0, 0, 0, 0, 0, 0]]}, {"input": [[0, 0, 0, 0, 0, 0, 0], [0, 0, 0, 8, 8, 0, 0], [0, 0, 0, 0, 8, 0, 0], [0, 0, 0, 0, 0, 0, 0], [0, 0, 0, 0, 8, 8, 0], [0, 8, 0, 0, 0, 8, 0], [8, 8, 0, 0, 0, 0, 0]], "output": [[0, 0, 0, 0, 0, 0, 0], [0, 0, 0, 8, 8, 0, 0], [0, 0, 0, 1, 8, 0, 0], [0, 0, 0, 0, 0, 0, 0], [0, 0, 0, 0, 8, 8, 0], [1, 8, 0, 0, 1, 8, 0], [8, 8, 0, 0, 0, 0, 0]]}, {"input": [[0, 0, 8, 0, 0, 8, 8], [0, 8, 8, 0, 0, 8, 0], [0, 0, 0, 0, 0, 0, 0], [0, 0, 0, 0, 0, 0, 0], [0, 8, 8, 0, 0, 0, 0], [0, 0, 8, 0, 8, 0, 0], [0, 0, 0, 0, 8, 8, 0]], "output": [[0, 1, 8, 0, 0, 8, 8], [0, 8, 8, 0, 0, 8, 1], [0, 0, 0, 0, 0, 0, 0], [0, 0, 0, 0, 0, 0, 0], [0, 8, 8, 0, 0, 0, 0], [0, 1, 8, 0, 8, 1, 0], [0, 0, 0, 0, 8, 8, 0]]}, {"input": [[0, 0, 0, 0, 0, 0, 0], [0, 0, 0, 0, 0, 0, 0], [0, 0, 0, 8, 8, 0, 0], [0, 0, 0, 0, 8, 0, 0], [0, 0, 0, 0, 0, 0, 0], [0, 0, 0, 8, 0, 0, 0], [0, 0, 0, 8, 8, 0, 0]], "output": [[0, 0, 0, 0, 0, 0, 0], [0, 0, 0, 0, 0, 0, 0], [0, 0, 0, 8, 8, 0, 0], [0, 0, 0, 1, 8, 0, 0], [0, 0, 0, 0, 0, 0, 0], [0, 0, 0, 8, 1, 0, 0], [0, 0, 0, 8, 8, 0, 0]]}, {"input": [[0, 0, 0, 0, 0, 0, 0], [0, 0, 0, 0, 0, 0, 0], [0, 0, 0, 0, 0, 0, 0], [0, 0, 0, 8, 0, 0, 0], [0, 0, 8, 8, 0, 0, 0], [0, 0, 0, 0, 0, 0, 0], [0, 0, 0, 0, 0, 0, 0]], "output": [[0, 0, 0, 0, 0, 0, 0], [0, 0, 0, 0, 0, 0, 0], [0, 0, 0, 0, 0, 0, 0], [0, 0, 1, 8, 0, 0, 0], [0, 0, 8, 8, 0, 0, 0], [0, 0, 0, 0, 0, 0, 0], [0, 0, 0, 0, 0, 0, 0]]}, {"input": [[0, 0, 0, 0, 0, 0, 0], [0, 0, 0, 0, 0, 0, 0], [0, 0, 0, 0, 0, 0, 0], [0, 0, 0, 0, 0, 0, 0], [0, 0, 0, 0, 0, 0, 0], [0, 0, 0, 0, 0, 0, 8], [0, 0, 0, 0, 0, 8, 8]], "output": [[0, 0, 0, 0, 0, 0, 0], [0, 0, 0, 0, 0, 0, 0], [0, 0, 0, 0, 0, 0, 0], [0, 0, 0, 0, 0, 0, 0], [0, 0, 0, 0, 0, 0, 0], [0, 0, 0, 0, 0, 1, 8], [0, 0, 0, 0, 0, 8, 8]]}, {"input": [[0, 0, 0, 0, 0, 0, 0], [0, 0, 0, 0, 0, 0, 0], [0, 0, 8, 0, 0, 0, 0], [0, 8, 8, 0, 0, 0, 0], [0, 0, 0, 0, 0, 0, 0], [0, 0, 0, 0, 0, 0, 0], [0, 0, 0, 0, 0, 0, 0]], "output": [[0, 0, 0, 0, 0, 0, 0], [0, 0, 0, 0, 0, 0, 0], [0, 1, 8, 0, 0, 0, 0], [0, 8, 8, 0, 0, 0, 0], [0, 0, 0, 0, 0, 0, 0], [0, 0, 0, 0, 0, 0, 0], [0, 0, 0, 0, 0, 0, 0]]}, {"input": [[0, 0, 0, 0, 0, 0, 0], [8, 0, 0, 0, 0, 8, 8], [8, 8, 0, 0, 0, 0, 8], [0, 0, 0, 0, 0, 0, 0], [0, 0, 8, 8, 0, 0, 0], [0, 0, 0, 8, 0, 0, 0], [0, 0, 0, 0, 0, 0, 0]], "output": [[0, 0, 0, 0, 0, 0, 0], [8, 1, 0, 0, 0, 8, 8], [8, 8, 0, 0, 0, 1, 8], [0, 0, 0, 0, 0, 0, 0], [0, 0, 8, 8, 0, 0, 0], [0, 0, 1, 8, 0, 0, 0], [0, 0, 0, 0, 0, 0, 0]]}, {"input": [[0, 0, 0, 0, 0, 0, 0], [0, 0, 0, 0, 0, 0, 0], [0, 0, 8, 8, 0, 0, 0], [0, 0, 8, 0, 0, 8, 8], [0, 0, 0, 0, 0, 0, 8], [0, 0, 8, 8, 0, 0, 0], [0, 0, 8, 0, 0, 0, 0]], "output": [[0, 0, 0, 0, 0, 0, 0], [0, 0, 0, 0, 0, 0, 0], [0, 0, 8, 8, 0, 0, 0], [0, 0, 8, 1, 0, 8, 8], [0, 0, 0, 0, 0, 1, 8], [0, 0, 8, 8, 0, 0, 0], [0, 0, 8, 1, 0, 0, 0]]}, {"input": [[0, 0, 0, 0, 0, 0, 0], [0, 0, 0, 0, 0, 0, 0], [0, 0, 0, 0, 0, 0, 0], [0, 0, 0, 0, 0, 8, 0], [0, 0, 0, 0, 8, 8, 0], [0, 8, 0, 0, 0, 0, 0], [8, 8, 0, 0, 0, 0, 0]], "output": [[0, 0, 0, 0, 0, 0, 0], [0, 0, 0, 0, 0, 0, 0], [0, 0, 0, 0, 0, 0, 0], [0, 0, 0, 0, 1, 8, 0], [0, 0, 0, 0, 8, 8, 0], [1, 8, 0, 0, 0, 0, 0], [8, 8, 0, 0, 0, 0, 0]]}, {"input": [[0, 0, 0, 0, 0, 0, 0], [0, 0, 0, 0, 8, 8, 0], [0, 0, 0, 0, 8, 0, 0], [0, 0, 0, 0, 0, 0, 0], [0, 0, 0, 0, 0, 0, 0], [0, 0, 0, 0, 8, 8, 0], [0, 0, 0, 0, 0, 8, 0]], "output": [[0, 0, 0, 0, 0, 0, 0], [0, 0, 0, 0, 8, 8, 0], [0, 0, 0, 0, 8, 1, 0], [0, 0, 0, 0, 0, 0, 0], [0, 0, 0, 0, 0, 0, 0], [0, 0, 0, 0, 8, 8, 0], [0, 0, 0, 0, 1, 8, 0]]}, {"input": [[0, 0, 0, 0, 0, 0, 0], [0, 0, 0, 0, 0, 0, 0], [0, 0, 0, 8, 0, 0, 0], [0, 0, 8, 8, 0, 0, 0], [0, 0, 0, 0, 0, 0, 0], [0, 8, 0, 0, 0, 0, 0], [8, 8, 0, 0, 0, 0, 0]], "output": [[0, 0, 0, 0, 0, 0, 0], [0, 0, 0, 0, 0, 0, 0], [0, 0, 1, 8, 0, 0, 0], [0, 0, 8, 8, 0, 0, 0], [0, 0, 0, 0, 0, 0, 0], [1, 8, 0, 0, 0, 0, 0], [8, 8, 0, 0, 0, 0, 0]]}, {"input": [[0, 0, 0, 0, 0, 0, 0], [0, 0, 0, 8, 0, 0, 0], [0, 0, 8, 8, 0, 0, 0], [0, 0, 0, 0, 0, 0, 0], [0, 0, 0, 0, 0, 0, 8], [0, 0, 8, 0, 0, 8, 8], [0, 8, 8, 0, 0, 0, 0]], "output": [[0, 0, 0, 0, 0, 0, 0], [0, 0, 1, 8, 0, 0, 0], [0, 0, 8, 8, 0, 0, 0], [0, 0, 0, 0, 0, 0, 0], [0, 0, 0, 0, 0, 1, 8], [0, 1, 8, 0, 0, 8, 8], [0, 8, 8, 0, 0, 0, 0]]}, {"input": [[0, 0, 0, 0, 0, 0, 0], [0, 0, 8, 0, 0, 0, 0], [0, 8, 8, 0, 0, 0, 0], [0, 0, 0, 0, 0, 0, 0], [0, 0, 0, 0, 0, 0, 0], [8, 8, 0, 0, 0, 0, 0], [8, 0, 0, 0, 0, 0, 0]], "output": [[0, 0, 0, 0, 0, 0, 0], [0, 1, 8, 0, 0, 0, 0], [0, 8, 8, 0, 0, 0, 0], [0, 0, 0, 0, 0, 0, 0], [0, 0, 0, 0, 0, 0, 0], [8, 8, 0, 0, 0, 0, 0], [8, 1, 0, 0, 0, 0, 0]]}, {"input": [[0, 0, 0, 0, 8, 8, 0], [0, 8, 0, 0, 0, 8, 0], [0, 8, 8, 0, 0, 0, 0], [0, 0, 0, 0, 0, 0, 0], [0, 8, 8, 0, 0, 8, 0], [0, 8, 0, 0, 8, 8, 0], [0, 0, 0, 0, 0, 0, 0]], "output": [[0, 0, 0, 0, 8, 8, 0], [0, 8, 1, 0, 1, 8, 0], [0, 8, 8, 0, 0, 0, 0], [0, 0, 0, 0, 0, 0, 0], [0, 8, 8, 0, 1, 8, 0], [0, 8, 1, 0, 8, 8, 0], [0, 0, 0, 0, 0, 0, 0]]}, {"input": [[0, 0, 0, 0, 0, 0, 0], [0, 0, 0, 0, 0, 0, 0], [0, 0, 0, 0, 0, 0, 0], [0, 0, 0, 8, 0, 0, 0], [0, 0, 0, 8, 8, 0, 0], [8, 8, 0, 0, 0, 0, 0], [0, 8, 0, 0, 0, 0, 0]], "output": [[0, 0, 0, 0, 0, 0, 0], [0, 0, 0, 0, 0, 0, 0], [0, 0, 0, 0, 0, 0, 0], [0, 0, 0, 8, 1, 0, 0], [0, 0, 0, 8, 8, 0, 0], [8, 8, 0, 0, 0, 0, 0], [1, 8, 0, 0, 0, 0, 0]]}, {"input": [[0, 0, 0, 0, 8, 8, 0], [0, 8, 8, 0, 8, 0, 0], [0, 8, 0, 0, 0, 0, 0], [0, 0, 0, 0, 0, 0, 0], [0, 0, 0, 0, 0, 8, 8], [0, 8, 0, 0, 0, 0, 8], [8, 8, 0, 0, 0, 0, 0]], "output": [[0, 0, 0, 0, 8, 8, 0], [0, 8, 8, 0, 8, 1, 0], [0, 8, 1, 0, 0, 0, 0], [0, 0, 0, 0, 0, 0, 0], [0, 0, 0, 0, 0, 8, 8], [1, 8, 0, 0, 0, 1, 8], [8, 8, 0, 0, 0, 0, 0]]}, {"input": [[0, 8, 0, 0, 0, 0, 0], [8, 8, 0, 0, 0, 0, 0], [0, 0, 0, 0, 0, 0, 0], [0, 8, 0, 0, 0, 0, 0], [8, 8, 0, 0, 0, 0, 8], [0, 0, 0, 0, 0, 8, 8], [0, 0, 0, 0, 0, 0, 0]], "output": [[1, 8, 0, 0, 0, 0, 0], [8, 8, 0, 0, 0, 0, 0], [0, 0, 0, 0, 0, 0, 0], [1, 8, 0, 0, 0, 0, 0], [8, 8, 0, 0, 0, 1, 8], [0, 0, 0, 0, 0, 8, 8], [0, 0, 0, 0, 0, 0, 0]]}, {"input": [[0, 0, 8, 0, 0, 0, 0], [0, 8, 8, 0, 0, 0, 0], [0, 0, 0, 0, 0, 0, 0], [0, 0, 0, 0, 0, 0, 0], [0, 0, 0, 0, 0, 0, 0], [0, 0, 0, 0, 0, 0, 0], [0, 0, 0, 0, 0, 0, 0]], "output": [[0, 1, 8, 0, 0, 0, 0], [0, 8, 8, 0, 0, 0, 0], [0, 0, 0, 0, 0, 0, 0], [0, 0, 0, 0, 0, 0, 0], [0, 0, 0, 0, 0, 0, 0], [0, 0, 0, 0, 0, 0, 0], [0, 0, 0, 0, 0, 0, 0]]}, {"input": [[0, 0, 8, 8, 0, 0, 0], [0, 0, 8, 0, 0, 0, 0], [0, 0, 0, 0, 0, 0, 0], [0, 8, 0, 0, 0, 0, 0], [0, 8, 8, 0, 8, 8, 0], [0, 0, 0, 0, 8, 0, 0], [0, 0, 0, 0, 0, 0, 0]], "output": [[0, 0, 8, 8, 0, 0, 0], [0, 0, 8, 1, 0, 0, 0], [0, 0, 0, 0, 0, 0, 0], [0, 8, 1, 0, 0, 0, 0], [0, 8, 8, 0, 8, 8, 0], [0, 0, 0, 0, 8, 1, 0], [0, 0, 0, 0, 0, 0, 0]]}, {"input": [[0, 0, 0, 0, 0, 0, 0], [0, 8, 0, 0, 0, 8, 8], [8, 8, 0, 0, 0, 8, 0], [0, 0, 0, 0, 0, 0, 0], [0, 0, 0, 0, 0, 0, 0], [0, 0, 8, 8, 0, 0, 0], [0, 0, 8, 0, 0, 0, 0]], "output": [[0, 0, 0, 0, 0, 0, 0], [1, 8, 0, 0, 0, 8, 8], [8, 8, 0, 0, 0, 8, 1], [0, 0, 0, 0, 0, 0, 0], [0, 0, 0, 0, 0, 0, 0], [0, 0, 8, 8, 0, 0, 0], [0, 0, 8, 1, 0, 0, 0]]}, {"input": [[8, 0, 0, 0, 0, 0, 8], [8, 8, 0, 0, 0, 8, 8], [0, 0, 0, 0, 0, 0, 0], [0, 0, 0, 8, 0, 0, 0], [0, 0, 0, 8, 8, 0, 0], [0, 0, 0, 0, 0, 0, 8], [0, 0, 0, 0, 0, 8, 8]], "output": [[8, 1, 0, 0, 0, 1, 8], [8, 8, 0, 0, 0, 8, 8], [0, 0, 0, 0, 0, 0, 0], [0, 0, 0, 8, 1, 0, 0], [0, 0, 0, 8, 8, 0, 0], [0, 0, 0, 0, 0, 1, 8], [0, 0, 0, 0, 0, 8, 8]]}, {"input": [[0, 0, 0, 0, 8, 8, 0], [0, 0, 0, 0, 8, 0, 0], [0, 0, 0, 0, 0, 0, 0], [0, 8, 0, 0, 0, 0, 0], [8, 8, 0, 0, 0, 0, 0], [0, 0, 0, 0, 0, 0, 8], [0, 0, 0, 0, 0, 8, 8]], "output": [[0, 0, 0, 0, 8, 8, 0], [0, 0, 0, 0, 8, 1, 0], [0, 0, 0, 0, 0, 0, 0], [1, 8, 0, 0, 0, 0, 0], [8, 8, 0, 0, 0, 0, 0], [0, 0, 0, 0, 0, 1, 8], [0, 0, 0, 0, 0, 8, 8]]}, {"input": [[0, 8, 0, 0, 0, 0, 0], [8, 8, 0, 0, 0, 0, 0], [0, 0, 0, 8, 8, 0, 0], [0, 0, 0, 8, 0, 0, 0], [0, 0, 0, 0, 0, 0, 0], [0, 0, 8, 8, 0, 0, 0], [0, 0, 8, 0, 0, 0, 0]], "output": [[1, 8, 0, 0, 0, 0, 0], [8, 8, 0, 0, 0, 0, 0], [0, 0, 0, 8, 8, 0, 0], [0, 0, 0, 8, 1, 0, 0], [0, 0, 0, 0, 0, 0, 0], [0, 0, 8, 8, 0, 0, 0], [0, 0, 8, 1, 0, 0, 0]]}, {"input": [[0, 0, 0, 0, 8, 8, 0], [0, 0, 0, 0, 0, 8, 0], [0, 8, 8, 0, 0, 0, 0], [0, 8, 0, 0, 0, 0, 0], [0, 0, 0, 0, 8, 8, 0], [0, 0, 0, 0, 0, 8, 0], [0, 0, 0, 0, 0, 0, 0]], "output": [[0, 0, 0, 0, 8, 8, 0], [0, 0, 0, 0, 1, 8, 0], [0, 8, 8, 0, 0, 0, 0], [0, 8, 1, 0, 0, 0, 0], [0, 0, 0, 0, 8, 8, 0], [0, 0, 0, 0, 1, 8, 0], [0, 0, 0, 0, 0, 0, 0]]}, {"input": [[0, 0, 0, 0, 0, 0, 0], [0, 0, 8, 8, 0, 0, 0], [0, 0, 0, 8, 0, 0, 0], [0, 0, 0, 0, 0, 0, 0], [8, 8, 0, 0, 0, 0, 0], [0, 8, 0, 0, 8, 0, 0], [0, 0, 0, 8, 8, 0, 0]], "output": [[0, 0, 0, 0, 0, 0, 0], [0, 0, 8, 8, 0, 0, 0], [0, 0, 1, 8, 0, 0, 0], [0, 0, 0, 0, 0, 0, 0], [8, 8, 0, 0, 0, 0, 0], [1, 8, 0, 1, 8, 0, 0], [0, 0, 0, 8, 8, 0, 0]]}, {"input": [[0, 0, 0, 0, 0, 0, 0], [0, 0, 0, 8, 8, 0, 0], [0, 0, 0, 0, 8, 0, 0], [0, 0, 0, 0, 0, 0, 0], [0, 0, 0, 0, 0, 0, 0], [8, 8, 0, 0, 0, 0, 0], [8, 0, 0, 0, 0, 0, 0]], "output": [[0, 0, 0, 0, 0, 0, 0], [0, 0, 0, 8, 8, 0, 0], [0, 0, 0, 1, 8, 0, 0], [0, 0, 0, 0, 0, 0, 0], [0, 0, 0, 0, 0, 0, 0], [8, 8, 0, 0, 0, 0, 0], [8, 1, 0, 0, 0, 0, 0]]}, {"input": [[0, 0, 0, 0, 0, 0, 0], [0, 0, 0, 0, 0, 0, 0], [8, 0, 0, 0, 0, 8, 8], [8, 8, 0, 0, 0, 8, 0], [0, 0, 0, 0, 0, 0, 0], [0, 0, 0, 0, 0, 0, 0], [0, 0, 0, 0, 0, 0, 0]], "output": [[0, 0, 0, 0, 0, 0, 0], [0, 0, 0, 0, 0, 0, 0], [8, 1, 0, 0, 0, 8, 8], [8, 8, 0, 0, 0, 8, 1], [0, 0, 0, 0, 0, 0, 0], [0, 0, 0, 0, 0, 0, 0], [0, 0, 0, 0, 0, 0, 0]]}, {"input": [[0, 0, 8, 0, 0, 0, 0], [0, 0, 8, 8, 0, 0, 0], [0, 0, 0, 0, 0, 0, 0], [0, 8, 8, 0, 0, 0, 0], [0, 8, 0, 0, 0, 0, 0], [0, 0, 0, 8, 8, 0, 0], [0, 0, 0, 0, 8, 0, 0]], "output": [[0, 0, 8, 1, 0, 0, 0], [0, 0, 8, 8, 0, 0, 0], [0, 0, 0, 0, 0, 0, 0], [0, 8, 8, 0, 0, 0, 0], [0, 8, 1, 0, 0, 0, 0], [0, 0, 0, 8, 8, 0, 0], [0, 0, 0, 1, 8, 0, 0]]}, {"input": [[0, 0, 0, 8, 8, 0, 0], [0, 8, 0, 0, 8, 0, 0], [8, 8, 0, 0, 0, 0, 0], [0, 0, 0, 8, 8, 0, 0], [0, 0, 0, 8, 0, 0, 0], [0, 0, 0, 0, 0, 8, 0], [0, 0, 0, 0, 0, 8, 8]], "output": [[0, 0, 0, 8, 8, 0, 0], [1, 8, 0, 1, 8, 0, 0], [8, 8, 0, 0, 0, 0, 0], [0, 0, 0, 8, 8, 0, 0], [0, 0, 0, 8, 1, 0, 0], [0, 0, 0, 0, 0, 8, 1], [0, 0, 0, 0, 0, 8, 8]]}, {"input": [[0, 0, 0, 0, 8, 0, 0], [0, 0, 0, 8, 8, 0, 0], [0, 0, 0, 0, 0, 0, 0], [0, 0, 0, 0, 0, 0, 8], [0, 0, 0, 0, 0, 8, 8], [0, 0, 0, 0, 0, 0, 0], [0, 0, 0, 0, 0, 0, 0]], "output": [[0, 0, 0, 1, 8, 0, 0], [0, 0, 0, 8, 8, 0, 0], [0, 0, 0, 0, 0, 0, 0], [0, 0, 0, 0, 0, 1, 8], [0, 0, 0, 0, 0, 8, 8], [0, 0, 0, 0, 0, 0, 0], [0, 0, 0, 0, 0, 0, 0]]}, {"input": [[0, 0, 0, 0, 8, 8, 0], [0, 0, 0, 0, 0, 8, 0], [0, 0, 0, 0, 0, 0, 0], [0, 0, 0, 0, 0, 0, 0], [0, 0, 0, 0, 8, 0, 0], [0, 8, 8, 0, 8, 8, 0], [0, 8, 0, 0, 0, 0, 0]], "output": [[0, 0, 0, 0, 8, 8, 0], [0, 0, 0, 0, 1, 8, 0], [0, 0, 0, 0, 0, 0, 0], [0, 0, 0, 0, 0, 0, 0], [0, 0, 0, 0, 8, 1, 0], [0, 8, 8, 0, 8, 8, 0], [0, 8, 1, 0, 0, 0, 0]]}, {"input": [[0, 0, 0, 0, 8, 8, 0], [0, 0, 0, 0, 8, 0, 0], [0, 0, 0, 0, 0, 0, 0], [0, 0, 0, 0, 8, 8, 0], [0, 8, 8, 0, 8, 0, 0], [0, 8, 0, 0, 0, 0, 0], [0, 0, 0, 0, 0, 0, 0]], "output": [[0, 0, 0, 0, 8, 8, 0], [0, 0, 0, 0, 8, 1, 0], [0, 0, 0, 0, 0, 0, 0], [0, 0, 0, 0, 8, 8, 0], [0, 8, 8, 0, 8, 1, 0], [0, 8, 1, 0, 0, 0, 0], [0, 0, 0, 0, 0, 0, 0]]}, {"input": [[0, 0, 0, 0, 0, 0, 0], [0, 0, 0, 0, 0, 0, 0], [0, 0, 0, 0, 0, 0, 0], [0, 0, 0, 8, 0, 0, 0], [0, 0, 0, 8, 8, 0, 0], [8, 8, 0, 0, 0, 0, 0], [8, 0, 0, 0, 0, 0, 0]], "output": [[0, 0, 0, 0, 0, 0, 0], [0, 0, 0, 0, 0, 0, 0], [0, 0, 0, 0, 0, 0, 0], [0, 0, 0, 8, 1, 0, 0], [0, 0, 0, 8, 8, 0, 0], [8, 8, 0, 0, 0, 0, 0], [8, 1, 0, 0, 0, 0, 0]]}, {"input": [[0, 8, 8, 0, 0, 0, 0], [0, 8, 0, 0, 0, 0, 0], [0, 0, 0, 0, 0, 0, 0], [0, 0, 0, 0, 0, 0, 0], [0, 0, 0, 0, 8, 0, 0], [0, 0, 0, 8, 8, 0, 0], [0, 0, 0, 0, 0, 0, 0]], "output": [[0, 8, 8, 0, 0, 0, 0], [0, 8, 1, 0, 0, 0, 0], [0, 0, 0, 0, 0, 0, 0], [0, 0, 0, 0, 0, 0, 0], [0, 0, 0, 1, 8, 0, 0], [0, 0, 0, 8, 8, 0, 0], [0, 0, 0, 0, 0, 0, 0]]}, {"input": [[0, 0, 0, 0, 0, 0, 0], [8, 8, 0, 0, 0, 8, 0], [0, 8, 0, 0, 0, 8, 8], [0, 0, 0, 0, 0, 0, 0], [8, 0, 0, 0, 0, 0, 0], [8, 8, 0, 0, 8, 8, 0], [0, 0, 0, 0, 8, 0, 0]], "output": [[0, 0, 0, 0, 0, 0, 0], [8, 8, 0, 0, 0, 8, 1], [1, 8, 0, 0, 0, 8, 8], [0, 0, 0, 0, 0, 0, 0], [8, 1, 0, 0, 0, 0, 0], [8, 8, 0, 0, 8, 8, 0], [0, 0, 0, 0, 8, 1, 0]]}, {"input": [[0, 0, 0, 0, 0, 0, 0], [0, 0, 0, 0, 8, 8, 0], [0, 0, 0, 0, 0, 8, 0], [0, 0, 0, 0, 0, 0, 0], [0, 0, 0, 0, 0, 0, 0], [0, 0, 8, 0, 0, 0, 0], [0, 8, 8, 0, 0, 0, 0]], "output": [[0, 0, 0, 0, 0, 0, 0], [0, 0, 0, 0, 8, 8, 0], [0, 0, 0, 0, 1, 8, 0], [0, 0, 0, 0, 0, 0, 0], [0, 0, 0, 0, 0, 0, 0], [0, 1, 8, 0, 0, 0, 0], [0, 8, 8, 0, 0, 0, 0]]}]}