{"train": [{"input": [[8, 1, 2, 1, 4], [4, 4, 2, 4, 8], [3, 7, 2, 4, 8], [2, 7, 7, 8, 7], [8, 7, 7, 4, 8]], "output": [[8, 7, 7, 4, 8], [2, 7, 7, 8, 7], [3, 7, 2, 4, 8], [4, 4, 2, 4, 8], [8, 1, 2, 1, 4]]}, {"input": [[7, 3, 3, 1, 2], [1, 8, 2, 4, 1], [2, 7, 8, 7, 2], [7, 7, 4, 1, 8], [8, 1, 7, 7, 1]], "output": [[8, 1, 7, 7, 1], [7, 7, 4, 1, 8], [2, 7, 8, 7, 2], [1, 8, 2, 4, 1], [7, 3, 3, 1, 2]]}, {"input": [[2, 7, 4, 3, 4, 8, 3], [2, 3, 7, 1, 2, 3, 3], [8, 7, 4, 3, 2, 2, 4], [1, 1, 2, 1, 4, 4, 7], [2, 4, 3, 1, 1, 4, 1], [4, 8, 7, 4, 4, 8, 2], [7, 3, 8, 4, 3, 2, 8]], "output": [[7, 3, 8, 4, 3, 2, 8], [4, 8, 7, 4, 4, 8, 2], [2, 4, 3, 1, 1, 4, 1], [1, 1, 2, 1, 4, 4, 7], [8, 7, 4, 3, 2, 2, 4], [2, 3, 7, 1, 2, 3, 3], [2, 7, 4, 3, 4, 8, 3]]}], "test": [{"input": [[2, 8, 1, 3, 2, 4, 1], [4, 4, 1, 1, 4, 3, 4], [1, 1, 1, 1, 4, 7, 3], [1, 1, 2, 3, 8, 1, 3], [4, 1, 1, 1, 7, 8, 4], [3, 2, 8, 4, 1, 8, 4], [1, 4, 7, 1, 2, 3, 4]], "output": [[1, 4, 7, 1, 2, 3, 4], [3, 2, 8, 4, 1, 8, 4], [4, 1, 1, 1, 7, 8, 4], [1, 1, 2, 3, 8, 1, 3], [1, 1, 1, 1, 4, 7, 3], [4, 4, 1, 1, 4, 3, 4], [2, 8, 1, 3, 2, 4, 1]]}], "arc-gen": [{"input": [[1, 8, 4, 2, 7, 1, 3, 4], [7, 2, 1, 4, 4, 1, 1, 1], [2, 4, 1, 4, 1, 7, 1, 7], [7, 1, 2, 2, 1, 8, 2, 8], [4, 4, 3, 7, 1, 7, 1, 7], [2, 2, 1, 2, 7, 1, 1, 2], [7, 3, 1, 7, 4, 3, 4, 7], [2, 8, 3, 7, 4, 7, 4, 4]], "output": [[2, 8, 3, 7, 4, 7, 4, 4], [7, 3, 1, 7, 4, 3, 4, 7], [2, 2, 1, 2, 7, 1, 1, 2], [4, 4, 3, 7, 1, 7, 1, 7], [7, 1, 2, 2, 1, 8, 2, 8], [2, 4, 1, 4, 1, 7, 1, 7], [7, 2, 1, 4, 4, 1, 1, 1], [1, 8, 4, 2, 7, 1, 3, 4]]}, {"input": [[3, 7, 7, 8], [1, 2, 7, 7], [7, 4, 7, 7], [8, 4, 7, 4]], "output": [[8, 4, 7, 4], [7, 4, 7, 7], [1, 2, 7, 7], [3, 7, 7, 8]]}, {"input": [[4, 1, 1, 8], [3, 4, 8, 2], [4, 2, 3, 7], [2, 3, 3, 8]], "output": [[2, 3, 3, 8], [4, 2, 3, 7], [3, 4, 8, 2], [4, 1, 1, 8]]}, {"input": [[2, 8, 1, 3, 3, 3], [2, 8, 1, 2, 3, 7], [7, 3, 7, 1, 7, 7], [7, 7, 1, 7, 2, 1], [1, 3, 4, 7, 2, 3], [8, 2, 4, 7, 8, 7]], "output": [[8, 2, 4, 7, 8, 7], [1, 3, 4, 7, 2, 3], [7, 7, 1, 7, 2, 1], [7, 3, 7, 1, 7, 7], [2, 8, 1, 2, 3, 7], [2, 8, 1, 3, 3, 3]]}, {"input": [[4, 2, 8, 2, 8, 4, 7], [7, 2, 3, 3, 8, 7, 4], [4, 4, 4, 7, 2, 3, 8], [1, 7, 1, 4, 2, 2, 1], [7, 2, 1, 7, 1, 8, 4], [3, 3, 7, 8, 7, 3, 7], [1, 1, 1, 2, 2, 3, 4]], "output": [[1, 1, 1, 2, 2, 3, 4], [3, 3, 7, 8, 7, 3, 7], [7, 2, 1, 7, 1, 8, 4], [1, 7, 1, 4, 2, 2, 1], [4, 4, 4, 7, 2, 3, 8], [7, 2, 3, 3, 8, 7, 4], [4, 2, 8, 2, 8, 4, 7]]}, {"input": [[4, 3, 7, 1, 4, 8], [4, 4, 4, 2, 8, 7], [3, 1, 7, 4, 1, 7], [2, 4, 7, 4, 3, 2], [7, 7, 7, 4, 2, 2], [4, 3, 1, 2, 4, 4]], "output": [[4, 3, 1, 2, 4, 4], [7, 7, 7, 4, 2, 2], [2, 4, 7, 4, 3, 2], [3, 1, 7, 4, 1, 7], [4, 4, 4, 2, 8, 7], [4, 3, 7, 1, 4, 8]]}, {"input": [[3, 3, 3, 4, 4], [7, 2, 2, 4, 3], [4, 1, 7, 2, 2], [8, 4, 1, 3, 2], [7, 3, 1, 4, 4]], "output": [[7, 3, 1, 4, 4], [8, 4, 1, 3, 2], [4, 1, 7, 2, 2], [7, 2, 2, 4, 3], [3, 3, 3, 4, 4]]}, {"input": [[7, 8, 8, 4], [1, 4, 2, 2], [8, 2, 7, 7], [8, 8, 3, 1]], "output": [[8, 8, 3, 1], [8, 2, 7, 7], [1, 4, 2, 2], [7, 8, 8, 4]]}, {"input": [[2, 1, 4, 7, 7, 8, 2], [4, 8, 3, 8, 4, 2, 4], [7, 7, 1, 7, 2, 4, 2], [4, 3, 1, 8, 8, 8, 1], [2, 8, 4, 4, 4, 3, 1], [2, 1, 3, 1, 1, 2, 3], [1, 7, 3, 4, 3, 2, 4]], "output": [[1, 7, 3, 4, 3, 2, 4], [2, 1, 3, 1, 1, 2, 3], [2, 8, 4, 4, 4, 3, 1], [4, 3, 1, 8, 8, 8, 1], [7, 7, 1, 7, 2, 4, 2], [4, 8, 3, 8, 4, 2, 4], [2, 1, 4, 7, 7, 8, 2]]}, {"input": [[3, 3, 7, 7], [1, 7, 1, 3], [1, 2, 7, 1], [3, 2, 3, 2]], "output": [[3, 2, 3, 2], [1, 2, 7, 1], [1, 7, 1, 3], [3, 3, 7, 7]]}, {"input": [[2, 1, 1, 4, 8, 3], [8, 7, 7, 1, 3, 8], [1, 7, 2, 3, 7, 4], [1, 4, 2, 3, 2, 1], [3, 8, 8, 7, 7, 3], [1, 4, 4, 1, 3, 2]], "output": [[1, 4, 4, 1, 3, 2], [3, 8, 8, 7, 7, 3], [1, 4, 2, 3, 2, 1], [1, 7, 2, 3, 7, 4], [8, 7, 7, 1, 3, 8], [2, 1, 1, 4, 8, 3]]}, {"input": [[7, 7, 7, 4], [1, 2, 7, 1], [4, 4, 1, 7], [1, 8, 4, 8]], "output": [[1, 8, 4, 8], [4, 4, 1, 7], [1, 2, 7, 1], [7, 7, 7, 4]]}, {"input": [[7, 1, 3, 4, 2, 1], [4, 1, 3, 3, 4, 3], [2, 3, 7, 4, 4, 7], [8, 8, 8, 7, 1, 3], [8, 8, 2, 4, 3, 4], [8, 4, 8, 2, 2, 7]], "output": [[8, 4, 8, 2, 2, 7], [8, 8, 2, 4, 3, 4], [8, 8, 8, 7, 1, 3], [2, 3, 7, 4, 4, 7], [4, 1, 3, 3, 4, 3], [7, 1, 3, 4, 2, 1]]}, {"input": [[4, 1, 1, 7], [7, 7, 1, 2], [2, 3, 1, 3], [1, 3, 4, 7]], "output": [[1, 3, 4, 7], [2, 3, 1, 3], [7, 7, 1, 2], [4, 1, 1, 7]]}, {"input": [[7, 4, 8, 1, 8, 7, 3, 3], [7, 3, 8, 7, 8, 1, 4, 8], [2, 3, 2, 7, 2, 3, 1, 7], [4, 8, 7, 4, 1, 2, 3, 4], [3, 8, 3, 4, 1, 7, 7, 4], [1, 4, 8, 7, 4, 1, 2, 8], [4, 8, 2, 3, 2, 4, 3, 8], [1, 7, 4, 1, 2, 7, 7, 2]], "output": [[1, 7, 4, 1, 2, 7, 7, 2], [4, 8, 2, 3, 2, 4, 3, 8], [1, 4, 8, 7, 4, 1, 2, 8], [3, 8, 3, 4, 1, 7, 7, 4], [4, 8, 7, 4, 1, 2, 3, 4], [2, 3, 2, 7, 2, 3, 1, 7], [7, 3, 8, 7, 8, 1, 4, 8], [7, 4, 8, 1, 8, 7, 3, 3]]}, {"input": [[7, 3, 7, 4, 4, 4, 7], [3, 2, 2, 1, 1, 8, 2], [4, 1, 7, 3, 3, 3, 1], [8, 3, 2, 1, 1, 8, 3], [8, 3, 4, 2, 1, 1, 8], [1, 2, 2, 7, 3, 7, 8], [1, 1, 4, 2, 7, 3, 3]], "output": [[1, 1, 4, 2, 7, 3, 3], [1, 2, 2, 7, 3, 7, 8], [8, 3, 4, 2, 1, 1, 8], [8, 3, 2, 1, 1, 8, 3], [4, 1, 7, 3, 3, 3, 1], [3, 2, 2, 1, 1, 8, 2], [7, 3, 7, 4, 4, 4, 7]]}, {"input": [[4, 8, 7, 3], [2, 4, 2, 1], [7, 2, 3, 4], [3, 3, 1, 7]], "output": [[3, 3, 1, 7], [7, 2, 3, 4], [2, 4, 2, 1], [4, 8, 7, 3]]}, {"input": [[7, 2, 7, 2, 3, 1], [8, 4, 1, 8, 8, 1], [2, 4, 4, 7, 8, 8], [3, 7, 3, 4, 7, 3], [2, 1, 1, 4, 3, 4], [7, 8, 1, 3, 8, 8]], "output": [[7, 8, 1, 3, 8, 8], [2, 1, 1, 4, 3, 4], [3, 7, 3, 4, 7, 3], [2, 4, 4, 7, 8, 8], [8, 4, 1, 8, 8, 1], [7, 2, 7, 2, 3, 1]]}, {"input": [[7, 2, 8, 8, 7, 7, 8], [7, 8, 4, 2, 8, 4, 3], [7, 2, 8, 4, 3, 4, 8], [3, 7, 1, 4, 3, 3, 3], [4, 1, 1, 8, 1, 7, 3], [8, 8, 8, 7, 2, 4, 3], [7, 7, 1, 3, 4, 3, 1]], "output": [[7, 7, 1, 3, 4, 3, 1], [8, 8, 8, 7, 2, 4, 3], [4, 1, 1, 8, 1, 7, 3], [3, 7, 1, 4, 3, 3, 3], [7, 2, 8, 4, 3, 4, 8], [7, 8, 4, 2, 8, 4, 3], [7, 2, 8, 8, 7, 7, 8]]}, {"input": [[8, 3, 1, 7], [8, 3, 4, 7], [1, 1, 4, 1], [7, 4, 4, 8]], "output": [[7, 4, 4, 8], [1, 1, 4, 1], [8, 3, 4, 7], [8, 3, 1, 7]]}, {"input": [[4, 1, 7, 8, 2], [1, 3, 4, 2, 8], [2, 8, 8, 4, 8], [2, 4, 3, 7, 1], [7, 7, 7, 8, 7]], "output": [[7, 7, 7, 8, 7], [2, 4, 3, 7, 1], [2, 8, 8, 4, 8], [1, 3, 4, 2, 8], [4, 1, 7, 8, 2]]}, {"input": [[4, 8, 3, 4, 3, 2, 1, 4], [2, 3, 8, 4, 3, 8, 1, 3], [2, 1, 4, 7, 7, 3, 3, 7], [1, 4, 1, 2, 1, 1, 2, 7], [7, 1, 4, 2, 1, 7, 8, 1], [1, 4, 4, 4, 7, 1, 8, 4], [7, 4, 8, 2, 4, 8, 8, 4], [7, 2, 8, 2, 7, 3, 7, 3]], "output": [[7, 2, 8, 2, 7, 3, 7, 3], [7, 4, 8, 2, 4, 8, 8, 4], [1, 4, 4, 4, 7, 1, 8, 4], [7, 1, 4, 2, 1, 7, 8, 1], [1, 4, 1, 2, 1, 1, 2, 7], [2, 1, 4, 7, 7, 3, 3, 7], [2, 3, 8, 4, 3, 8, 1, 3], [4, 8, 3, 4, 3, 2, 1, 4]]}, {"input": [[4, 2, 4, 1, 4], [4, 1, 1, 3, 2], [2, 4, 8, 1, 7], [7, 1, 4, 1, 3], [4, 7, 4, 2, 4]], "output": [[4, 7, 4, 2, 4], [7, 1, 4, 1, 3], [2, 4, 8, 1, 7], [4, 1, 1, 3, 2], [4, 2, 4, 1, 4]]}, {"input": [[4, 7, 4, 8, 7, 8], [8, 3, 8, 2, 3, 1], [1, 7, 1, 2, 1, 8], [8, 2, 2, 2, 7, 4], [8, 8, 3, 4, 4, 7], [1, 1, 2, 4, 2, 1]], "output": [[1, 1, 2, 4, 2, 1], [8, 8, 3, 4, 4, 7], [8, 2, 2, 2, 7, 4], [1, 7, 1, 2, 1, 8], [8, 3, 8, 2, 3, 1], [4, 7, 4, 8, 7, 8]]}, {"input": [[3, 1, 8, 7, 4, 7, 4, 7], [1, 1, 4, 3, 7, 7, 8, 7], [8, 4, 2, 4, 7, 2, 4, 8], [3, 1, 2, 7, 7, 1, 3, 1], [8, 2, 8, 3, 7, 3, 1, 7], [2, 4, 8, 7, 3, 3, 4, 7], [3, 1, 1, 2, 2, 8, 7, 4], [4, 8, 7, 3, 1, 1, 1, 8]], "output": [[4, 8, 7, 3, 1, 1, 1, 8], [3, 1, 1, 2, 2, 8, 7, 4], [2, 4, 8, 7, 3, 3, 4, 7], [8, 2, 8, 3, 7, 3, 1, 7], [3, 1, 2, 7, 7, 1, 3, 1], [8, 4, 2, 4, 7, 2, 4, 8], [1, 1, 4, 3, 7, 7, 8, 7], [3, 1, 8, 7, 4, 7, 4, 7]]}, {"input": [[3, 2, 4, 3, 8, 3, 4, 3], [8, 8, 8, 8, 7, 8, 7, 8], [8, 3, 3, 4, 1, 7, 2, 3], [1, 8, 4, 4, 8, 3, 1, 3], [3, 7, 3, 4, 4, 3, 2, 3], [4, 4, 3, 7, 8, 1, 7, 4], [4, 4, 4, 7, 4, 4, 2, 4], [7, 7, 3, 8, 7, 2, 3, 7]], "output": [[7, 7, 3, 8, 7, 2, 3, 7], [4, 4, 4, 7, 4, 4, 2, 4], [4, 4, 3, 7, 8, 1, 7, 4], [3, 7, 3, 4, 4, 3, 2, 3], [1, 8, 4, 4, 8, 3, 1, 3], [8, 3, 3, 4, 1, 7, 2, 3], [8, 8, 8, 8, 7, 8, 7, 8], [3, 2, 4, 3, 8, 3, 4, 3]]}, {"input": [[4, 7, 4, 3, 1], [1, 2, 7, 4, 2], [8, 2, 3, 1, 4], [7, 1, 7, 8, 3], [4, 3, 4, 8, 4]], "output": [[4, 3, 4, 8, 4], [7, 1, 7, 8, 3], [8, 2, 3, 1, 4], [1, 2, 7, 4, 2], [4, 7, 4, 3, 1]]}, {"input": [[7, 4, 8, 7, 8, 1], [2, 1, 4, 7, 1, 7], [8, 2, 7, 4, 4, 8], [1, 2, 1, 3, 2, 8], [2, 4, 7, 2, 1, 1], [1, 3, 3, 8, 7, 4]], "output": [[1, 3, 3, 8, 7, 4], [2, 4, 7, 2, 1, 1], [1, 2, 1, 3, 2, 8], [8, 2, 7, 4, 4, 8], [2, 1, 4, 7, 1, 7], [7, 4, 8, 7, 8, 1]]}, {"input": [[7, 3, 1, 2, 2, 8], [8, 4, 8, 7, 1, 3], [4, 7, 8, 1, 1, 3], [2, 2, 8, 7, 2, 3], [8, 3, 3, 2, 8, 1], [2, 1, 1, 3, 8, 8]], "output": [[2, 1, 1, 3, 8, 8], [8, 3, 3, 2, 8, 1], [2, 2, 8, 7, 2, 3], [4, 7, 8, 1, 1, 3], [8, 4, 8, 7, 1, 3], [7, 3, 1, 2, 2, 8]]}, {"input": [[7, 1, 3, 8, 3], [7, 8, 2, 2, 3], [2, 7, 2, 3, 1], [7, 2, 1, 8, 7], [8, 8, 4, 3, 8]], "output": [[8, 8, 4, 3, 8], [7, 2, 1, 8, 7], [2, 7, 2, 3, 1], [7, 8, 2, 2, 3], [7, 1, 3, 8, 3]]}, {"input": [[3, 2, 4, 1, 1], [7, 2, 2, 3, 8], [8, 7, 4, 2, 8], [8, 1, 1, 4, 7], [8, 8, 1, 2, 7]], "output": [[8, 8, 1, 2, 7], [8, 1, 1, 4, 7], [8, 7, 4, 2, 8], [7, 2, 2, 3, 8], [3, 2, 4, 1, 1]]}, {"input": [[8, 7, 3, 8, 7, 4, 2, 2], [8, 1, 1, 4, 8, 2, 1, 8], [1, 4, 4, 1, 1, 8, 3, 7], [3, 3, 3, 4, 4, 2, 4, 7], [2, 2, 2, 3, 1, 8, 1, 8], [2, 4, 3, 1, 1, 7, 4, 1], [2, 7, 8, 1, 2, 8, 2, 2], [8, 4, 7, 8, 3, 1, 1, 1]], "output": [[8, 4, 7, 8, 3, 1, 1, 1], [2, 7, 8, 1, 2, 8, 2, 2], [2, 4, 3, 1, 1, 7, 4, 1], [2, 2, 2, 3, 1, 8, 1, 8], [3, 3, 3, 4, 4, 2, 4, 7], [1, 4, 4, 1, 1, 8, 3, 7], [8, 1, 1, 4, 8, 2, 1, 8], [8, 7, 3, 8, 7, 4, 2, 2]]}, {"input": [[3, 7, 1, 8, 2, 7, 1], [7, 4, 8, 2, 1, 3, 3], [3, 3, 2, 3, 2, 3, 8], [1, 7, 1, 1, 8, 7, 4], [2, 7, 3, 4, 7, 4, 8], [3, 7, 7, 7, 7, 3, 4], [4, 3, 3, 2, 1, 3, 4]], "output": [[4, 3, 3, 2, 1, 3, 4], [3, 7, 7, 7, 7, 3, 4], [2, 7, 3, 4, 7, 4, 8], [1, 7, 1, 1, 8, 7, 4], [3, 3, 2, 3, 2, 3, 8], [7, 4, 8, 2, 1, 3, 3], [3, 7, 1, 8, 2, 7, 1]]}, {"input": [[1, 1, 8, 8, 4], [8, 2, 3, 2, 2], [7, 4, 3, 7, 4], [4, 2, 4, 8, 1], [7, 3, 8, 1, 4]], "output": [[7, 3, 8, 1, 4], [4, 2, 4, 8, 1], [7, 4, 3, 7, 4], [8, 2, 3, 2, 2], [1, 1, 8, 8, 4]]}, {"input": [[1, 4, 4, 3, 7, 4, 2], [2, 4, 4, 7, 8, 8, 1], [2, 1, 8, 2, 8, 2, 2], [3, 3, 2, 2, 1, 2, 3], [1, 4, 4, 1, 7, 2, 1], [7, 8, 7, 4, 4, 7, 2], [3, 2, 4, 2, 8, 8, 4]], "output": [[3, 2, 4, 2, 8, 8, 4], [7, 8, 7, 4, 4, 7, 2], [1, 4, 4, 1, 7, 2, 1], [3, 3, 2, 2, 1, 2, 3], [2, 1, 8, 2, 8, 2, 2], [2, 4, 4, 7, 8, 8, 1], [1, 4, 4, 3, 7, 4, 2]]}, {"input": [[8, 3, 3, 1, 4, 1, 7, 1], [1, 8, 4, 7, 8, 4, 1, 7], [4, 8, 3, 2, 3, 7, 7, 7], [2, 3, 3, 3, 7, 2, 4, 8], [1, 1, 7, 4, 7, 3, 4, 3], [2, 8, 4, 4, 1, 8, 4, 3], [3, 2, 8, 7, 8, 3, 1, 4], [7, 7, 4, 8, 1, 1, 1, 3]], "output": [[7, 7, 4, 8, 1, 1, 1, 3], [3, 2, 8, 7, 8, 3, 1, 4], [2, 8, 4, 4, 1, 8, 4, 3], [1, 1, 7, 4, 7, 3, 4, 3], [2, 3, 3, 3, 7, 2, 4, 8], [4, 8, 3, 2, 3, 7, 7, 7], [1, 8, 4, 7, 8, 4, 1, 7], [8, 3, 3, 1, 4, 1, 7, 1]]}, {"input": [[8, 3, 4, 1, 3, 1], [7, 7, 8, 4, 8, 1], [4, 2, 1, 4, 2, 2], [3, 1, 1, 4, 3, 2], [3, 2, 3, 2, 3, 7], [7, 3, 1, 8, 4, 7]], "output": [[7, 3, 1, 8, 4, 7], [3, 2, 3, 2, 3, 7], [3, 1, 1, 4, 3, 2], [4, 2, 1, 4, 2, 2], [7, 7, 8, 4, 8, 1], [8, 3, 4, 1, 3, 1]]}, {"input": [[7, 4, 7, 8, 8, 2], [7, 4, 1, 7, 8, 7], [3, 3, 2, 4, 7, 1], [1, 3, 8, 8, 4, 4], [3, 7, 2, 7, 2, 3], [4, 3, 2, 2, 3, 8]], "output": [[4, 3, 2, 2, 3, 8], [3, 7, 2, 7, 2, 3], [1, 3, 8, 8, 4, 4], [3, 3, 2, 4, 7, 1], [7, 4, 1, 7, 8, 7], [7, 4, 7, 8, 8, 2]]}, {"input": [[2, 7, 3, 1, 2], [1, 2, 4, 3, 8], [2, 2, 8, 4, 8], [3, 1, 8, 1, 4], [4, 3, 7, 4, 8]], "output": [[4, 3, 7, 4, 8], [3, 1, 8, 1, 4], [2, 2, 8, 4, 8], [1, 2, 4, 3, 8], [2, 7, 3, 1, 2]]}, {"input": [[8, 8, 1, 4, 4, 8], [7, 3, 4, 4, 1, 2], [3, 3, 7, 7, 2, 3], [3, 1, 2, 1, 1, 3], [7, 1, 4, 7, 4, 8], [8, 8, 8, 1, 3, 1]], "output": [[8, 8, 8, 1, 3, 1], [7, 1, 4, 7, 4, 8], [3, 1, 2, 1, 1, 3], [3, 3, 7, 7, 2, 3], [7, 3, 4, 4, 1, 2], [8, 8, 1, 4, 4, 8]]}, {"input": [[3, 1, 2, 8, 2, 1, 2, 1], [4, 2, 3, 7, 8, 3, 7, 7], [2, 4, 7, 7, 1, 2, 3, 2], [1, 7, 7, 2, 7, 4, 1, 8], [8, 4, 3, 3, 8, 7, 7, 7], [1, 2, 8, 7, 1, 1, 7, 3], [4, 3, 7, 4, 1, 2, 7, 2], [8, 1, 3, 8, 2, 1, 3, 7]], "output": [[8, 1, 3, 8, 2, 1, 3, 7], [4, 3, 7, 4, 1, 2, 7, 2], [1, 2, 8, 7, 1, 1, 7, 3], [8, 4, 3, 3, 8, 7, 7, 7], [1, 7, 7, 2, 7, 4, 1, 8], [2, 4, 7, 7, 1, 2, 3, 2], [4, 2, 3, 7, 8, 3, 7, 7], [3, 1, 2, 8, 2, 1, 2, 1]]}, {"input": [[3, 2, 4, 1], [4, 4, 3, 7], [1, 7, 4, 2], [3, 8, 4, 2]], "output": [[3, 8, 4, 2], [1, 7, 4, 2], [4, 4, 3, 7], [3, 2, 4, 1]]}, {"input": [[7, 2, 7, 1], [7, 4, 7, 2], [7, 4, 2, 8], [2, 1, 7, 7]], "output": [[2, 1, 7, 7], [7, 4, 2, 8], [7, 4, 7, 2], [7, 2, 7, 1]]}, {"input": [[4, 4, 1, 7], [4, 4, 1, 8], [1, 8, 7, 2], [7, 2, 2, 1]], "output": [[7, 2, 2, 1], [1, 8, 7, 2], [4, 4, 1, 8], [4, 4, 1, 7]]}, {"input": [[8, 3, 7, 3, 3, 1], [7, 2, 3, 7, 2, 7], [8, 2, 3, 1, 1, 7], [4, 3, 4, 2, 7, 2], [7, 1, 8, 2, 3, 3], [8, 2, 2, 7, 4, 8]], "output": [[8, 2, 2, 7, 4, 8], [7, 1, 8, 2, 3, 3], [4, 3, 4, 2, 7, 2], [8, 2, 3, 1, 1, 7], [7, 2, 3, 7, 2, 7], [8, 3, 7, 3, 3, 1]]}, {"input": [[1, 1, 1, 3, 7, 8, 1], [7, 1, 2, 1, 1, 1, 2], [1, 7, 4, 7, 1, 8, 4], [3, 1, 3, 7, 3, 1, 3], [4, 2, 8, 4, 4, 8, 3], [1, 8, 3, 4, 1, 2, 3], [8, 4, 1, 1, 4, 7, 3]], "output": [[8, 4, 1, 1, 4, 7, 3], [1, 8, 3, 4, 1, 2, 3], [4, 2, 8, 4, 4, 8, 3], [3, 1, 3, 7, 3, 1, 3], [1, 7, 4, 7, 1, 8, 4], [7, 1, 2, 1, 1, 1, 2], [1, 1, 1, 3, 7, 8, 1]]}, {"input": [[2, 7, 2, 1], [1, 7, 4, 8], [3, 8, 1, 2], [4, 3, 2, 4]], "output": [[4, 3, 2, 4], [3, 8, 1, 2], [1, 7, 4, 8], [2, 7, 2, 1]]}, {"input": [[2, 4, 7, 7, 4, 3], [7, 4, 8, 4, 4, 8], [7, 4, 8, 4, 4, 2], [2, 3, 7, 3, 4, 8], [3, 2, 3, 3, 8, 7], [8, 4, 1, 3, 8, 4]], "output": [[8, 4, 1, 3, 8, 4], [3, 2, 3, 3, 8, 7], [2, 3, 7, 3, 4, 8], [7, 4, 8, 4, 4, 2], [7, 4, 8, 4, 4, 8], [2, 4, 7, 7, 4, 3]]}, {"input": [[7, 7, 8, 1, 1], [1, 2, 1, 3, 4], [3, 2, 7, 4, 1], [2, 3, 1, 4, 3], [3, 3, 3, 2, 3]], "output": [[3, 3, 3, 2, 3], [2, 3, 1, 4, 3], [3, 2, 7, 4, 1], [1, 2, 1, 3, 4], [7, 7, 8, 1, 1]]}, {"input": [[2, 7, 2, 1, 8, 8], [7, 3, 1, 2, 2, 7], [1, 4, 7, 1, 3, 7], [3, 1, 7, 7, 2, 2], [1, 3, 1, 8, 4, 1], [3, 7, 7, 3, 4, 7]], "output": [[3, 7, 7, 3, 4, 7], [1, 3, 1, 8, 4, 1], [3, 1, 7, 7, 2, 2], [1, 4, 7, 1, 3, 7], [7, 3, 1, 2, 2, 7], [2, 7, 2, 1, 8, 8]]}, {"input": [[3, 4, 4, 7, 7, 2, 4, 1], [1, 7, 1, 1, 7, 8, 2, 2], [2, 3, 3, 7, 4, 2, 4, 7], [3, 3, 1, 3, 4, 8, 1, 2], [1, 3, 1, 3, 4, 3, 8, 7], [3, 7, 8, 7, 2, 2, 3, 4], [8, 3, 7, 8, 4, 7, 1, 4], [1, 4, 1, 3, 2, 2, 3, 8]], "output": [[1, 4, 1, 3, 2, 2, 3, 8], [8, 3, 7, 8, 4, 7, 1, 4], [3, 7, 8, 7, 2, 2, 3, 4], [1, 3, 1, 3, 4, 3, 8, 7], [3, 3, 1, 3, 4, 8, 1, 2], [2, 3, 3, 7, 4, 2, 4, 7], [1, 7, 1, 1, 7, 8, 2, 2], [3, 4, 4, 7, 7, 2, 4, 1]]}, {"input": [[7, 1, 7, 8, 8], [3, 8, 3, 7, 7], [8, 7, 2, 4, 8], [1, 1, 8, 1, 8], [4, 8, 2, 7, 3]], "output": [[4, 8, 2, 7, 3], [1, 1, 8, 1, 8], [8, 7, 2, 4, 8], [3, 8, 3, 7, 7], [7, 1, 7, 8, 8]]}, {"input": [[3, 1, 1, 3, 8, 8], [1, 4, 4, 7, 1, 3], [3, 4, 2, 7, 2, 8], [1, 8, 8, 4, 8, 3], [2, 8, 4, 3, 7, 3], [3, 8, 3, 4, 8, 8]], "output": [[3, 8, 3, 4, 8, 8], [2, 8, 4, 3, 7, 3], [1, 8, 8, 4, 8, 3], [3, 4, 2, 7, 2, 8], [1, 4, 4, 7, 1, 3], [3, 1, 1, 3, 8, 8]]}, {"input": [[2, 1, 4, 3], [8, 8, 8, 3], [7, 8, 3, 1], [7, 3, 7, 3]], "output": [[7, 3, 7, 3], [7, 8, 3, 1], [8, 8, 8, 3], [2, 1, 4, 3]]}, {"input": [[2, 2, 2, 4, 2, 8, 7], [7, 8, 8, 2, 1, 2, 1], [7, 3, 1, 4, 2, 2, 2], [2, 7, 8, 8, 4, 7, 3], [3, 4, 2, 2, 2, 2, 4], [4, 2, 4, 7, 3, 2, 4], [4, 4, 2, 2, 4, 7, 4]], "output": [[4, 4, 2, 2, 4, 7, 4], [4, 2, 4, 7, 3, 2, 4], [3, 4, 2, 2, 2, 2, 4], [2, 7, 8, 8, 4, 7, 3], [7, 3, 1, 4, 2, 2, 2], [7, 8, 8, 2, 1, 2, 1], [2, 2, 2, 4, 2, 8, 7]]}, {"input": [[4, 4, 7, 4], [3, 2, 4, 7], [7, 4, 8, 8], [2, 2, 3, 2]], "output": [[2, 2, 3, 2], [7, 4, 8, 8], [3, 2, 4, 7], [4, 4, 7, 4]]}, {"input": [[2, 8, 1, 4, 1, 7, 7], [4, 2, 8, 4, 2, 2, 2], [8, 3, 2, 3, 2, 8, 3], [7, 4, 4, 3, 4, 3, 7], [2, 4, 4, 8, 4, 7, 1], [1, 7, 8, 4, 7, 2, 4], [3, 2, 2, 8, 1, 1, 8]], "output": [[3, 2, 2, 8, 1, 1, 8], [1, 7, 8, 4, 7, 2, 4], [2, 4, 4, 8, 4, 7, 1], [7, 4, 4, 3, 4, 3, 7], [8, 3, 2, 3, 2, 8, 3], [4, 2, 8, 4, 2, 2, 2], [2, 8, 1, 4, 1, 7, 7]]}, {"input": [[1, 4, 1, 2], [8, 3, 3, 2], [2, 7, 8, 3], [1, 1, 8, 2]], "output": [[1, 1, 8, 2], [2, 7, 8, 3], [8, 3, 3, 2], [1, 4, 1, 2]]}, {"input": [[8, 7, 8, 1], [1, 3, 3, 8], [3, 1, 8, 2], [3, 2, 4, 8]], "output": [[3, 2, 4, 8], [3, 1, 8, 2], [1, 3, 3, 8], [8, 7, 8, 1]]}, {"input": [[3, 7, 3, 3, 4, 8, 8], [2, 4, 4, 1, 1, 2, 7], [4, 7, 2, 3, 2, 8, 7], [7, 7, 3, 3, 4, 3, 8], [3, 8, 3, 8, 2, 4, 3], [3, 2, 7, 8, 7, 8, 4], [1, 4, 2, 3, 3, 2, 2]], "output": [[1, 4, 2, 3, 3, 2, 2], [3, 2, 7, 8, 7, 8, 4], [3, 8, 3, 8, 2, 4, 3], [7, 7, 3, 3, 4, 3, 8], [4, 7, 2, 3, 2, 8, 7], [2, 4, 4, 1, 1, 2, 7], [3, 7, 3, 3, 4, 8, 8]]}, {"input": [[2, 8, 2, 8], [2, 1, 1, 1], [7, 8, 2, 2], [1, 7, 3, 4]], "output": [[1, 7, 3, 4], [7, 8, 2, 2], [2, 1, 1, 1], [2, 8, 2, 8]]}, {"input": [[7, 2, 7, 4, 7, 1], [8, 8, 2, 1, 1, 8], [3, 7, 4, 2, 3, 4], [2, 1, 8, 3, 4, 2], [1, 2, 7, 2, 4, 2], [3, 3, 4, 2, 4, 2]], "output": [[3, 3, 4, 2, 4, 2], [1, 2, 7, 2, 4, 2], [2, 1, 8, 3, 4, 2], [3, 7, 4, 2, 3, 4], [8, 8, 2, 1, 1, 8], [7, 2, 7, 4, 7, 1]]}, {"input": [[2, 2, 8, 4, 3], [7, 1, 2, 7, 1], [8, 7, 1, 1, 4], [3, 1, 7, 1, 4], [7, 3, 8, 3, 4]], "output": [[7, 3, 8, 3, 4], [3, 1, 7, 1, 4], [8, 7, 1, 1, 4], [7, 1, 2, 7, 1], [2, 2, 8, 4, 3]]}, {"input": [[4, 8, 2, 4, 2, 7, 1, 4], [8, 7, 2, 1, 7, 1, 2, 1], [4, 3, 4, 4, 2, 1, 8, 2], [7, 7, 4, 7, 2, 8, 4, 3], [4, 2, 8, 7, 4, 7, 8, 3], [1, 1, 2, 7, 1, 1, 8, 7], [4, 8, 2, 4, 3, 7, 2, 4], [2, 2, 4, 3, 4, 4, 4, 3]], "output": [[2, 2, 4, 3, 4, 4, 4, 3], [4, 8, 2, 4, 3, 7, 2, 4], [1, 1, 2, 7, 1, 1, 8, 7], [4, 2, 8, 7, 4, 7, 8, 3], [7, 7, 4, 7, 2, 8, 4, 3], [4, 3, 4, 4, 2, 1, 8, 2], [8, 7, 2, 1, 7, 1, 2, 1], [4, 8, 2, 4, 2, 7, 1, 4]]}, {"input": [[1, 7, 2, 1, 8, 7, 7], [3, 1, 1, 3, 4, 7, 2], [2, 4, 1, 2, 3, 7, 7], [2, 7, 4, 8, 4, 2, 8], [4, 8, 4, 2, 1, 7, 2], [2, 2, 8, 3, 4, 1, 1], [3, 3, 4, 1, 8, 4, 7]], "output": [[3, 3, 4, 1, 8, 4, 7], [2, 2, 8, 3, 4, 1, 1], [4, 8, 4, 2, 1, 7, 2], [2, 7, 4, 8, 4, 2, 8], [2, 4, 1, 2, 3, 7, 7], [3, 1, 1, 3, 4, 7, 2], [1, 7, 2, 1, 8, 7, 7]]}, {"input": [[7, 3, 4, 7, 1], [2, 4, 1, 2, 2], [4, 8, 8, 7, 7], [3, 2, 8, 4, 8], [1, 8, 4, 3, 7]], "output": [[1, 8, 4, 3, 7], [3, 2, 8, 4, 8], [4, 8, 8, 7, 7], [2, 4, 1, 2, 2], [7, 3, 4, 7, 1]]}, {"input": [[4, 1, 2, 1, 3, 4], [2, 2, 3, 8, 7, 3], [7, 2, 4, 2, 1, 3], [4, 3, 1, 3, 3, 1], [1, 3, 4, 4, 2, 3], [8, 1, 7, 3, 4, 8]], "output": [[8, 1, 7, 3, 4, 8], [1, 3, 4, 4, 2, 3], [4, 3, 1, 3, 3, 1], [7, 2, 4, 2, 1, 3], [2, 2, 3, 8, 7, 3], [4, 1, 2, 1, 3, 4]]}, {"input": [[4, 2, 3, 7, 3, 2, 4], [1, 4, 7, 1, 7, 2, 4], [4, 8, 8, 2, 1, 3, 3], [2, 3, 8, 4, 4, 1, 8], [1, 1, 7, 3, 1, 3, 3], [1, 4, 8, 3, 8, 7, 7], [3, 1, 4, 7, 1, 8, 7]], "output": [[3, 1, 4, 7, 1, 8, 7], [1, 4, 8, 3, 8, 7, 7], [1, 1, 7, 3, 1, 3, 3], [2, 3, 8, 4, 4, 1, 8], [4, 8, 8, 2, 1, 3, 3], [1, 4, 7, 1, 7, 2, 4], [4, 2, 3, 7, 3, 2, 4]]}, {"input": [[7, 3, 1, 2, 8, 4, 2], [8, 3, 2, 4, 2, 7, 7], [4, 7, 2, 7, 1, 3, 2], [7, 2, 8, 8, 7, 1, 2], [3, 1, 8, 7, 8, 3, 7], [8, 7, 8, 7, 4, 8, 3], [7, 2, 3, 3, 8, 4, 7]], "output": [[7, 2, 3, 3, 8, 4, 7], [8, 7, 8, 7, 4, 8, 3], [3, 1, 8, 7, 8, 3, 7], [7, 2, 8, 8, 7, 1, 2], [4, 7, 2, 7, 1, 3, 2], [8, 3, 2, 4, 2, 7, 7], [7, 3, 1, 2, 8, 4, 2]]}, {"input": [[3, 1, 4, 8], [2, 7, 3, 8], [7, 1, 3, 3], [4, 2, 3, 2]], "output": [[4, 2, 3, 2], [7, 1, 3, 3], [2, 7, 3, 8], [3, 1, 4, 8]]}, {"input": [[3, 4, 2, 2, 1, 3, 7, 8], [8, 8, 3, 7, 3, 4, 7, 4], [4, 4, 7, 8, 2, 4, 4, 8], [8, 2, 2, 2, 3, 7, 3, 3], [1, 3, 1, 4, 3, 8, 3, 8], [3, 8, 3, 3, 7, 2, 1, 4], [1, 2, 7, 2, 8, 2, 3, 7], [2, 4, 3, 1, 8, 1, 1, 4]], "output": [[2, 4, 3, 1, 8, 1, 1, 4], [1, 2, 7, 2, 8, 2, 3, 7], [3, 8, 3, 3, 7, 2, 1, 4], [1, 3, 1, 4, 3, 8, 3, 8], [8, 2, 2, 2, 3, 7, 3, 3], [4, 4, 7, 8, 2, 4, 4, 8], [8, 8, 3, 7, 3, 4, 7, 4], [3, 4, 2, 2, 1, 3, 7, 8]]}, {"input": [[1, 8, 8, 8], [8, 3, 3, 7], [4, 8, 7, 2], [2, 3, 8, 1]], "output": [[2, 3, 8, 1], [4, 8, 7, 2], [8, 3, 3, 7], [1, 8, 8, 8]]}, {"input": [[7, 4, 1, 3], [2, 3, 2, 2], [4, 1, 7, 1], [4, 4, 8, 8]], "output": [[4, 4, 8, 8], [4, 1, 7, 1], [2, 3, 2, 2], [7, 4, 1, 3]]}, {"input": [[8, 7, 7, 7, 1], [1, 2, 8, 4, 7], [2, 3, 1, 7, 1], [2, 7, 2, 4, 8], [1, 4, 2, 8, 1]], "output": [[1, 4, 2, 8, 1], [2, 7, 2, 4, 8], [2, 3, 1, 7, 1], [1, 2, 8, 4, 7], [8, 7, 7, 7, 1]]}, {"input": [[8, 2, 4, 3, 1, 1, 1], [2, 4, 7, 2, 7, 3, 4], [1, 4, 7, 8, 3, 8, 4], [8, 7, 8, 3, 1, 4, 3], [4, 8, 4, 7, 1, 4, 4], [8, 2, 2, 8, 1, 4, 1], [1, 2, 7, 1, 2, 7, 1]], "output": [[1, 2, 7, 1, 2, 7, 1], [8, 2, 2, 8, 1, 4, 1], [4, 8, 4, 7, 1, 4, 4], [8, 7, 8, 3, 1, 4, 3], [1, 4, 7, 8, 3, 8, 4], [2, 4, 7, 2, 7, 3, 4], [8, 2, 4, 3, 1, 1, 1]]}, {"input": [[4, 1, 4, 1, 7, 4], [3, 8, 1, 1, 8, 2], [1, 4, 4, 3, 1, 8], [8, 3, 1, 4, 4, 8], [3, 3, 8, 1, 3, 8], [4, 3, 3, 7, 4, 4]], "output": [[4, 3, 3, 7, 4, 4], [3, 3, 8, 1, 3, 8], [8, 3, 1, 4, 4, 8], [1, 4, 4, 3, 1, 8], [3, 8, 1, 1, 8, 2], [4, 1, 4, 1, 7, 4]]}, {"input": [[8, 2, 1, 3, 7, 2], [8, 7, 2, 7, 2, 7], [1, 7, 8, 2, 1, 8], [8, 4, 2, 2, 1, 4], [7, 2, 7, 3, 7, 3], [2, 8, 7, 7, 4, 4]], "output": [[2, 8, 7, 7, 4, 4], [7, 2, 7, 3, 7, 3], [8, 4, 2, 2, 1, 4], [1, 7, 8, 2, 1, 8], [8, 7, 2, 7, 2, 7], [8, 2, 1, 3, 7, 2]]}, {"input": [[8, 7, 1, 4, 3, 7], [7, 8, 8, 4, 4, 1], [2, 1, 8, 7, 2, 1], [2, 4, 4, 1, 1, 3], [8, 4, 4, 2, 2, 1], [4, 8, 8, 2, 2, 7]], "output": [[4, 8, 8, 2, 2, 7], [8, 4, 4, 2, 2, 1], [2, 4, 4, 1, 1, 3], [2, 1, 8, 7, 2, 1], [7, 8, 8, 4, 4, 1], [8, 7, 1, 4, 3, 7]]}, {"input": [[7, 3, 1, 8], [8, 8, 4, 1], [7, 3, 4, 7], [1, 8, 4, 4]], "output": [[1, 8, 4, 4], [7, 3, 4, 7], [8, 8, 4, 1], [7, 3, 1, 8]]}, {"input": [[7, 2, 4, 8, 4], [8, 8, 3, 7, 7], [2, 4, 2, 2, 3], [4, 3, 8, 1, 4], [1, 1, 4, 3, 2]], "output": [[1, 1, 4, 3, 2], [4, 3, 8, 1, 4], [2, 4, 2, 2, 3], [8, 8, 3, 7, 7], [7, 2, 4, 8, 4]]}, {"input": [[7, 4, 8, 1, 4], [8, 4, 1, 1, 4], [1, 7, 1, 1, 3], [4, 7, 3, 7, 7], [1, 1, 2, 8, 1]], "output": [[1, 1, 2, 8, 1], [4, 7, 3, 7, 7], [1, 7, 1, 1, 3], [8, 4, 1, 1, 4], [7, 4, 8, 1, 4]]}, {"input": [[8, 7, 7, 2, 3, 1, 7], [2, 1, 3, 8, 2, 1, 8], [8, 1, 7, 4, 8, 2, 4], [4, 7, 7, 7, 7, 1, 3], [1, 4, 8, 4, 8, 2, 1], [3, 2, 2, 3, 3, 2, 4], [4, 8, 8, 2, 4, 8, 7]], "output": [[4, 8, 8, 2, 4, 8, 7], [3, 2, 2, 3, 3, 2, 4], [1, 4, 8, 4, 8, 2, 1], [4, 7, 7, 7, 7, 1, 3], [8, 1, 7, 4, 8, 2, 4], [2, 1, 3, 8, 2, 1, 8], [8, 7, 7, 2, 3, 1, 7]]}, {"input": [[8, 2, 8, 8], [7, 3, 4, 8], [7, 7, 7, 1], [1, 1, 3, 1]], "output": [[1, 1, 3, 1], [7, 7, 7, 1], [7, 3, 4, 8], [8, 2, 8, 8]]}, {"input": [[2, 3, 2, 2, 3, 3], [4, 8, 7, 2, 3, 4], [4, 3, 2, 8, 8, 8], [4, 8, 1, 8, 1, 4], [2, 2, 1, 8, 1, 4], [8, 1, 7, 7, 8, 7]], "output": [[8, 1, 7, 7, 8, 7], [2, 2, 1, 8, 1, 4], [4, 8, 1, 8, 1, 4], [4, 3, 2, 8, 8, 8], [4, 8, 7, 2, 3, 4], [2, 3, 2, 2, 3, 3]]}, {"input": [[7, 4, 3, 8, 1, 3, 4], [1, 2, 3, 4, 3, 2, 7], [3, 2, 1, 7, 7, 3, 2], [7, 7, 2, 1, 8, 3, 1], [3, 7, 3, 1, 1, 1, 4], [1, 7, 4, 8, 7, 3, 7], [2, 3, 3, 4, 7, 3, 2]], "output": [[2, 3, 3, 4, 7, 3, 2], [1, 7, 4, 8, 7, 3, 7], [3, 7, 3, 1, 1, 1, 4], [7, 7, 2, 1, 8, 3, 1], [3, 2, 1, 7, 7, 3, 2], [1, 2, 3, 4, 3, 2, 7], [7, 4, 3, 8, 1, 3, 4]]}, {"input": [[2, 4, 7, 4], [2, 4, 2, 1], [7, 1, 3, 7], [3, 1, 2, 4]], "output": [[3, 1, 2, 4], [7, 1, 3, 7], [2, 4, 2, 1], [2, 4, 7, 4]]}, {"input": [[4, 3, 4, 7, 1, 4], [2, 4, 1, 3, 7, 8], [7, 1, 7, 8, 2, 1], [1, 8, 8, 2, 2, 2], [4, 1, 4, 3, 7, 4], [8, 8, 7, 1, 3, 2]], "output": [[8, 8, 7, 1, 3, 2], [4, 1, 4, 3, 7, 4], [1, 8, 8, 2, 2, 2], [7, 1, 7, 8, 2, 1], [2, 4, 1, 3, 7, 8], [4, 3, 4, 7, 1, 4]]}, {"input": [[4, 3, 3, 7], [1, 1, 4, 4], [3, 2, 1, 7], [3, 3, 3, 7]], "output": [[3, 3, 3, 7], [3, 2, 1, 7], [1, 1, 4, 4], [4, 3, 3, 7]]}, {"input": [[3, 3, 8, 7], [8, 2, 3, 7], [8, 8, 8, 7], [1, 3, 2, 7]], "output": [[1, 3, 2, 7], [8, 8, 8, 7], [8, 2, 3, 7], [3, 3, 8, 7]]}, {"input": [[2, 8, 4, 2, 7], [4, 3, 1, 2, 2], [7, 3, 1, 3, 2], [2, 2, 8, 1, 3], [1, 3, 4, 2, 8]], "output": [[1, 3, 4, 2, 8], [2, 2, 8, 1, 3], [7, 3, 1, 3, 2], [4, 3, 1, 2, 2], [2, 8, 4, 2, 7]]}, {"input": [[7, 3, 4, 2, 8, 2], [7, 3, 3, 2, 1, 3], [2, 1, 3, 1, 1, 3], [3, 1, 7, 4, 1, 1], [1, 4, 8, 3, 2, 4], [2, 1, 2, 8, 2, 2]], "output": [[2, 1, 2, 8, 2, 2], [1, 4, 8, 3, 2, 4], [3, 1, 7, 4, 1, 1], [2, 1, 3, 1, 1, 3], [7, 3, 3, 2, 1, 3], [7, 3, 4, 2, 8, 2]]}, {"input": [[2, 8, 2, 3, 2, 4, 4, 2], [2, 2, 3, 8, 7, 3, 1, 1], [2, 3, 8, 3, 7, 8, 7, 3], [1, 3, 2, 4, 2, 2, 8, 1], [2, 2, 1, 2, 4, 8, 3, 8], [1, 2, 1, 1, 4, 7, 7, 3], [7, 7, 2, 2, 7, 8, 2, 2], [3, 2, 3, 2, 8, 4, 2, 7]], "output": [[3, 2, 3, 2, 8, 4, 2, 7], [7, 7, 2, 2, 7, 8, 2, 2], [1, 2, 1, 1, 4, 7, 7, 3], [2, 2, 1, 2, 4, 8, 3, 8], [1, 3, 2, 4, 2, 2, 8, 1], [2, 3, 8, 3, 7, 8, 7, 3], [2, 2, 3, 8, 7, 3, 1, 1], [2, 8, 2, 3, 2, 4, 4, 2]]}, {"input": [[4, 4, 2, 3, 2], [4, 2, 3, 8, 7], [4, 7, 8, 3, 4], [1, 8, 8, 1, 4], [4, 8, 4, 2, 8]], "output": [[4, 8, 4, 2, 8], [1, 8, 8, 1, 4], [4, 7, 8, 3, 4], [4, 2, 3, 8, 7], [4, 4, 2, 3, 2]]}, {"input": [[4, 8, 2, 8, 1, 8, 7], [7, 4, 2, 1, 1, 1, 2], [8, 7, 3, 4, 4, 4, 3], [2, 7, 4, 2, 4, 7, 8], [4, 1, 2, 8, 1, 3, 1], [8, 8, 4, 1, 8, 2, 7], [2, 3, 3, 2, 1, 8, 2]], "output": [[2, 3, 3, 2, 1, 8, 2], [8, 8, 4, 1, 8, 2, 7], [4, 1, 2, 8, 1, 3, 1], [2, 7, 4, 2, 4, 7, 8], [8, 7, 3, 4, 4, 4, 3], [7, 4, 2, 1, 1, 1, 2], [4, 8, 2, 8, 1, 8, 7]]}, {"input": [[3, 7, 8, 1, 8], [8, 7, 7, 4, 2], [8, 1, 1, 4, 4], [8, 3, 3, 8, 8], [7, 1, 2, 4, 3]], "output": [[7, 1, 2, 4, 3], [8, 3, 3, 8, 8], [8, 1, 1, 4, 4], [8, 7, 7, 4, 2], [3, 7, 8, 1, 8]]}, {"input": [[4, 2, 1, 8, 4, 2, 4, 4], [3, 3, 3, 3, 4, 7, 3, 7], [7, 3, 3, 7, 1, 7, 4, 7], [2, 1, 1, 1, 3, 3, 8, 1], [7, 3, 7, 8, 1, 8, 1, 8], [2, 2, 8, 1, 1, 8, 3, 2], [2, 2, 1, 8, 4, 2, 8, 2], [2, 3, 8, 2, 7, 7, 3, 3]], "output": [[2, 3, 8, 2, 7, 7, 3, 3], [2, 2, 1, 8, 4, 2, 8, 2], [2, 2, 8, 1, 1, 8, 3, 2], [7, 3, 7, 8, 1, 8, 1, 8], [2, 1, 1, 1, 3, 3, 8, 1], [7, 3, 3, 7, 1, 7, 4, 7], [3, 3, 3, 3, 4, 7, 3, 7], [4, 2, 1, 8, 4, 2, 4, 4]]}, {"input": [[1, 3, 4, 8, 1], [3, 2, 4, 8, 1], [1, 2, 8, 1, 8], [3, 1, 2, 1, 4], [8, 7, 7, 8, 8]], "output": [[8, 7, 7, 8, 8], [3, 1, 2, 1, 4], [1, 2, 8, 1, 8], [3, 2, 4, 8, 1], [1, 3, 4, 8, 1]]}, {"input": [[4, 2, 1, 3, 7, 4, 8], [8, 7, 1, 3, 3, 2, 8], [8, 8, 4, 2, 4, 3, 4], [2, 2, 2, 2, 3, 1, 4], [1, 2, 8, 4, 7, 1, 3], [1, 3, 2, 2, 3, 7, 8], [2, 4, 4, 3, 2, 7, 4]], "output": [[2, 4, 4, 3, 2, 7, 4], [1, 3, 2, 2, 3, 7, 8], [1, 2, 8, 4, 7, 1, 3], [2, 2, 2, 2, 3, 1, 4], [8, 8, 4, 2, 4, 3, 4], [8, 7, 1, 3, 3, 2, 8], [4, 2, 1, 3, 7, 4, 8]]}, {"input": [[1, 4, 2, 7, 7, 3, 1], [1, 2, 1, 8, 4, 8, 2], [1, 8, 4, 8, 8, 3, 8], [3, 7, 1, 8, 3, 1, 1], [3, 8, 2, 3, 1, 8, 4], [2, 7, 3, 1, 4, 7, 4], [2, 3, 3, 4, 3, 4, 8]], "output": [[2, 3, 3, 4, 3, 4, 8], [2, 7, 3, 1, 4, 7, 4], [3, 8, 2, 3, 1, 8, 4], [3, 7, 1, 8, 3, 1, 1], [1, 8, 4, 8, 8, 3, 8], [1, 2, 1, 8, 4, 8, 2], [1, 4, 2, 7, 7, 3, 1]]}, {"input": [[1, 2, 3, 2], [8, 4, 8, 1], [4, 7, 3, 2], [1, 1, 3, 4]], "output": [[1, 1, 3, 4], [4, 7, 3, 2], [8, 4, 8, 1], [1, 2, 3, 2]]}, {"input": [[7, 7, 1, 4, 2, 8], [2, 8, 7, 2, 7, 1], [8, 2, 3, 4, 2, 3], [8, 1, 4, 3, 2, 7], [8, 7, 2, 1, 4, 4], [8, 8, 7, 3, 2, 4]], "output": [[8, 8, 7, 3, 2, 4], [8, 7, 2, 1, 4, 4], [8, 1, 4, 3, 2, 7], [8, 2, 3, 4, 2, 3], [2, 8, 7, 2, 7, 1], [7, 7, 1, 4, 2, 8]]}, {"input": [[1, 7, 8, 3, 4], [7, 7, 1, 3, 4], [2, 7, 7, 7, 1], [4, 8, 7, 2, 7], [2, 7, 2, 4, 4]], "output": [[2, 7, 2, 4, 4], [4, 8, 7, 2, 7], [2, 7, 7, 7, 1], [7, 7, 1, 3, 4], [1, 7, 8, 3, 4]]}, {"input": [[7, 7, 8, 3], [2, 8, 7, 7], [7, 7, 1, 4], [2, 2, 3, 1]], "output": [[2, 2, 3, 1], [7, 7, 1, 4], [2, 8, 7, 7], [7, 7, 8, 3]]}, {"input": [[2, 4, 8, 2], [8, 3, 1, 1], [4, 7, 2, 8], [8, 1, 7, 1]], "output": [[8, 1, 7, 1], [4, 7, 2, 8], [8, 3, 1, 1], [2, 4, 8, 2]]}, {"input": [[4, 3, 8, 7, 3], [2, 8, 1, 1, 7], [8, 4, 2, 7, 2], [1, 1, 1, 1, 8], [8, 2, 8, 1, 3]], "output": [[8, 2, 8, 1, 3], [1, 1, 1, 1, 8], [8, 4, 2, 7, 2], [2, 8, 1, 1, 7], [4, 3, 8, 7, 3]]}, {"input": [[3, 1, 8, 4, 7], [8, 4, 8, 3, 1], [3, 3, 8, 7, 2], [2, 3, 7, 8, 1], [1, 1, 1, 4, 7]], "output": [[1, 1, 1, 4, 7], [2, 3, 7, 8, 1], [3, 3, 8, 7, 2], [8, 4, 8, 3, 1], [3, 1, 8, 4, 7]]}, {"input": [[8, 3, 2, 2, 4, 4, 8], [3, 4, 3, 7, 7, 3, 4], [3, 1, 4, 3, 4, 4, 8], [4, 7, 7, 1, 7, 1, 3], [8, 3, 3, 1, 7, 4, 4], [8, 2, 8, 1, 8, 3, 8], [3, 8, 8, 2, 1, 1, 7]], "output": [[3, 8, 8, 2, 1, 1, 7], [8, 2, 8, 1, 8, 3, 8], [8, 3, 3, 1, 7, 4, 4], [4, 7, 7, 1, 7, 1, 3], [3, 1, 4, 3, 4, 4, 8], [3, 4, 3, 7, 7, 3, 4], [8, 3, 2, 2, 4, 4, 8]]}, {"input": [[1, 2, 8, 8, 4, 7, 1], [3, 8, 2, 7, 8, 2, 1], [3, 3, 3, 2, 8, 7, 1], [7, 3, 1, 3, 8, 7, 7], [7, 4, 2, 8, 2, 8, 1], [2, 7, 8, 3, 4, 8, 2], [7, 4, 2, 1, 7, 1, 2]], "output": [[7, 4, 2, 1, 7, 1, 2], [2, 7, 8, 3, 4, 8, 2], [7, 4, 2, 8, 2, 8, 1], [7, 3, 1, 3, 8, 7, 7], [3, 3, 3, 2, 8, 7, 1], [3, 8, 2, 7, 8, 2, 1], [1, 2, 8, 8, 4, 7, 1]]}, {"input": [[3, 3, 7, 8], [2, 1, 4, 1], [1, 1, 4, 7], [8, 1, 4, 1]], "output": [[8, 1, 4, 1], [1, 1, 4, 7], [2, 1, 4, 1], [3, 3, 7, 8]]}, {"input": [[3, 7, 8, 4, 3, 2, 8], [7, 3, 2, 8, 7, 1, 1], [3, 2, 8, 3, 7, 7, 7], [4, 8, 7, 3, 7, 4, 4], [3, 2, 2, 2, 2, 7, 8], [4, 2, 3, 7, 8, 3, 4], [4, 2, 8, 4, 2, 2, 7]], "output": [[4, 2, 8, 4, 2, 2, 7], [4, 2, 3, 7, 8, 3, 4], [3, 2, 2, 2, 2, 7, 8], [4, 8, 7, 3, 7, 4, 4], [3, 2, 8, 3, 7, 7, 7], [7, 3, 2, 8, 7, 1, 1], [3, 7, 8, 4, 3, 2, 8]]}, {"input": [[1, 2, 7, 2, 3, 3, 4, 3], [8, 2, 2, 7, 3, 2, 2, 8], [3, 8, 2, 2, 8, 8, 2, 1], [7, 7, 8, 8, 2, 8, 2, 8], [3, 4, 2, 7, 7, 8, 7, 2], [7, 1, 2, 1, 4, 8, 7, 4], [3, 4, 8, 4, 8, 4, 4, 7], [1, 4, 4, 4, 3, 7, 4, 1]], "output": [[1, 4, 4, 4, 3, 7, 4, 1], [3, 4, 8, 4, 8, 4, 4, 7], [7, 1, 2, 1, 4, 8, 7, 4], [3, 4, 2, 7, 7, 8, 7, 2], [7, 7, 8, 8, 2, 8, 2, 8], [3, 8, 2, 2, 8, 8, 2, 1], [8, 2, 2, 7, 3, 2, 2, 8], [1, 2, 7, 2, 3, 3, 4, 3]]}, {"input": [[1, 7, 4, 2, 2], [8, 1, 7, 3, 1], [3, 4, 2, 4, 4], [7, 4, 2, 8, 4], [1, 4, 4, 2, 2]], "output": [[1, 4, 4, 2, 2], [7, 4, 2, 8, 4], [3, 4, 2, 4, 4], [8, 1, 7, 3, 1], [1, 7, 4, 2, 2]]}, {"input": [[3, 3, 7, 3, 1, 2, 7, 4], [3, 4, 2, 1, 2, 8, 2, 2], [7, 3, 3, 2, 1, 7, 7, 4], [1, 3, 2, 1, 1, 4, 8, 1], [1, 8, 8, 7, 3, 2, 7, 8], [3, 7, 4, 1, 7, 7, 4, 8], [7, 2, 4, 3, 2, 7, 3, 8], [3, 1, 1, 3, 1, 7, 1, 3]], "output": [[3, 1, 1, 3, 1, 7, 1, 3], [7, 2, 4, 3, 2, 7, 3, 8], [3, 7, 4, 1, 7, 7, 4, 8], [1, 8, 8, 7, 3, 2, 7, 8], [1, 3, 2, 1, 1, 4, 8, 1], [7, 3, 3, 2, 1, 7, 7, 4], [3, 4, 2, 1, 2, 8, 2, 2], [3, 3, 7, 3, 1, 2, 7, 4]]}, {"input": [[7, 3, 3, 3, 7, 2, 1, 2], [3, 4, 8, 2, 4, 8, 3, 4], [8, 1, 4, 8, 4, 8, 2, 4], [3, 8, 7, 8, 8, 4, 7, 8], [3, 8, 4, 4, 8, 7, 3, 1], [4, 1, 1, 4, 7, 7, 7, 3], [4, 3, 7, 1, 2, 2, 8, 7], [3, 7, 8, 4, 7, 4, 3, 4]], "output": [[3, 7, 8, 4, 7, 4, 3, 4], [4, 3, 7, 1, 2, 2, 8, 7], [4, 1, 1, 4, 7, 7, 7, 3], [3, 8, 4, 4, 8, 7, 3, 1], [3, 8, 7, 8, 8, 4, 7, 8], [8, 1, 4, 8, 4, 8, 2, 4], [3, 4, 8, 2, 4, 8, 3, 4], [7, 3, 3, 3, 7, 2, 1, 2]]}, {"input": [[8, 1, 4, 2, 3], [2, 8, 3, 7, 1], [2, 7, 2, 1, 3], [8, 2, 7, 3, 4], [3, 2, 3, 1, 3]], "output": [[3, 2, 3, 1, 3], [8, 2, 7, 3, 4], [2, 7, 2, 1, 3], [2, 8, 3, 7, 1], [8, 1, 4, 2, 3]]}, {"input": [[7, 3, 8, 3, 3, 3, 8, 1], [4, 3, 1, 1, 2, 2, 1, 2], [2, 3, 7, 7, 8, 7, 8, 1], [2, 8, 4, 8, 2, 4, 1, 8], [3, 4, 2, 7, 1, 8, 4, 1], [8, 2, 8, 7, 1, 1, 4, 1], [8, 8, 8, 2, 3, 8, 7, 3], [1, 3, 2, 2, 3, 7, 4, 7]], "output": [[1, 3, 2, 2, 3, 7, 4, 7], [8, 8, 8, 2, 3, 8, 7, 3], [8, 2, 8, 7, 1, 1, 4, 1], [3, 4, 2, 7, 1, 8, 4, 1], [2, 8, 4, 8, 2, 4, 1, 8], [2, 3, 7, 7, 8, 7, 8, 1], [4, 3, 1, 1, 2, 2, 1, 2], [7, 3, 8, 3, 3, 3, 8, 1]]}, {"input": [[7, 7, 2, 4, 7, 4, 3], [2, 7, 8, 4, 1, 1, 2], [2, 7, 1, 4, 7, 8, 4], [7, 4, 4, 8, 2, 7, 1], [8, 7, 4, 7, 3, 3, 7], [4, 1, 4, 2, 4, 2, 4], [8, 4, 8, 4, 3, 1, 8]], "output": [[8, 4, 8, 4, 3, 1, 8], [4, 1, 4, 2, 4, 2, 4], [8, 7, 4, 7, 3, 3, 7], [7, 4, 4, 8, 2, 7, 1], [2, 7, 1, 4, 7, 8, 4], [2, 7, 8, 4, 1, 1, 2], [7, 7, 2, 4, 7, 4, 3]]}, {"input": [[8, 2, 1, 1, 8, 1, 2, 2], [1, 7, 8, 3, 8, 2, 4, 3], [2, 3, 7, 8, 2, 3, 2, 4], [4, 4, 3, 7, 8, 8, 4, 3], [7, 8, 7, 1, 3, 1, 3, 1], [2, 2, 3, 1, 3, 2, 3, 7], [4, 4, 3, 4, 2, 7, 3, 7], [2, 4, 8, 2, 4, 8, 2, 2]], "output": [[2, 4, 8, 2, 4, 8, 2, 2], [4, 4, 3, 4, 2, 7, 3, 7], [2, 2, 3, 1, 3, 2, 3, 7], [7, 8, 7, 1, 3, 1, 3, 1], [4, 4, 3, 7, 8, 8, 4, 3], [2, 3, 7, 8, 2, 3, 2, 4], [1, 7, 8, 3, 8, 2, 4, 3], [8, 2, 1, 1, 8, 1, 2, 2]]}, {"input": [[2, 1, 8, 3, 7, 8, 8, 4], [4, 2, 2, 7, 1, 7, 7, 2], [4, 2, 1, 3, 4, 8, 1, 2], [4, 7, 7, 7, 7, 3, 2, 2], [3, 1, 4, 7, 2, 7, 2, 7], [4, 8, 1, 4, 7, 3, 1, 3], [3, 8, 7, 4, 8, 1, 8, 3], [1, 3, 8, 3, 7, 1, 7, 3]], "output": [[1, 3, 8, 3, 7, 1, 7, 3], [3, 8, 7, 4, 8, 1, 8, 3], [4, 8, 1, 4, 7, 3, 1, 3], [3, 1, 4, 7, 2, 7, 2, 7], [4, 7, 7, 7, 7, 3, 2, 2], [4, 2, 1, 3, 4, 8, 1, 2], [4, 2, 2, 7, 1, 7, 7, 2], [2, 1, 8, 3, 7, 8, 8, 4]]}, {"input": [[3, 2, 8, 8, 7, 8, 4], [4, 2, 4, 2, 2, 1, 4], [2, 7, 3, 2, 2, 1, 7], [7, 8, 3, 7, 3, 1, 1], [2, 4, 1, 2, 3, 2, 8], [8, 4, 4, 8, 7, 8, 1], [8, 2, 3, 1, 2, 4, 7]], "output": [[8, 2, 3, 1, 2, 4, 7], [8, 4, 4, 8, 7, 8, 1], [2, 4, 1, 2, 3, 2, 8], [7, 8, 3, 7, 3, 1, 1], [2, 7, 3, 2, 2, 1, 7], [4, 2, 4, 2, 2, 1, 4], [3, 2, 8, 8, 7, 8, 4]]}, {"input": [[8, 8, 7, 8, 1, 4, 7], [3, 3, 3, 2, 3, 4, 3], [7, 8, 3, 3, 1, 8, 3], [7, 7, 8, 8, 3, 7, 8], [7, 8, 7, 7, 4, 3, 1], [4, 4, 2, 1, 7, 3, 3], [1, 3, 7, 4, 8, 3, 4]], "output": [[1, 3, 7, 4, 8, 3, 4], [4, 4, 2, 1, 7, 3, 3], [7, 8, 7, 7, 4, 3, 1], [7, 7, 8, 8, 3, 7, 8], [7, 8, 3, 3, 1, 8, 3], [3, 3, 3, 2, 3, 4, 3], [8, 8, 7, 8, 1, 4, 7]]}, {"input": [[3, 4, 3, 1, 8], [8, 3, 1, 8, 8], [2, 4, 7, 4, 1], [3, 2, 8, 3, 4], [3, 3, 7, 4, 3]], "output": [[3, 3, 7, 4, 3], [3, 2, 8, 3, 4], [2, 4, 7, 4, 1], [8, 3, 1, 8, 8], [3, 4, 3, 1, 8]]}, {"input": [[3, 4, 3, 4, 1], [4, 1, 4, 3, 2], [1, 2, 3, 4, 2], [1, 2, 7, 4, 3], [2, 8, 1, 1, 8]], "output": [[2, 8, 1, 1, 8], [1, 2, 7, 4, 3], [1, 2, 3, 4, 2], [4, 1, 4, 3, 2], [3, 4, 3, 4, 1]]}, {"input": [[8, 1, 7, 8, 3, 7, 1], [2, 7, 8, 7, 3, 3, 7], [7, 7, 2, 7, 7, 2, 8], [7, 4, 1, 8, 1, 4, 8], [4, 1, 2, 7, 7, 3, 3], [2, 3, 4, 3, 7, 2, 4], [7, 2, 4, 8, 4, 2, 7]], "output": [[7, 2, 4, 8, 4, 2, 7], [2, 3, 4, 3, 7, 2, 4], [4, 1, 2, 7, 7, 3, 3], [7, 4, 1, 8, 1, 4, 8], [7, 7, 2, 7, 7, 2, 8], [2, 7, 8, 7, 3, 3, 7], [8, 1, 7, 8, 3, 7, 1]]}, {"input": [[1, 3, 7, 2, 2, 7, 1, 3], [8, 3, 3, 2, 2, 1, 7, 7], [2, 1, 4, 4, 7, 7, 2, 2], [3, 8, 3, 1, 8, 4, 1, 8], [1, 7, 2, 8, 8, 2, 4, 4], [1, 4, 7, 1, 3, 4, 1, 1], [2, 8, 3, 8, 8, 7, 7, 4], [2, 1, 1, 7, 2, 8, 4, 7]], "output": [[2, 1, 1, 7, 2, 8, 4, 7], [2, 8, 3, 8, 8, 7, 7, 4], [1, 4, 7, 1, 3, 4, 1, 1], [1, 7, 2, 8, 8, 2, 4, 4], [3, 8, 3, 1, 8, 4, 1, 8], [2, 1, 4, 4, 7, 7, 2, 2], [8, 3, 3, 2, 2, 1, 7, 7], [1, 3, 7, 2, 2, 7, 1, 3]]}, {"input": [[7, 3, 3, 7, 1, 3, 4], [4, 3, 4, 1, 1, 8, 2], [8, 7, 7, 1, 7, 8, 4], [3, 3, 1, 8, 4, 2, 3], [4, 7, 2, 7, 2, 8, 8], [2, 7, 1, 8, 7, 4, 8], [7, 8, 1, 2, 4, 2, 3]], "output": [[7, 8, 1, 2, 4, 2, 3], [2, 7, 1, 8, 7, 4, 8], [4, 7, 2, 7, 2, 8, 8], [3, 3, 1, 8, 4, 2, 3], [8, 7, 7, 1, 7, 8, 4], [4, 3, 4, 1, 1, 8, 2], [7, 3, 3, 7, 1, 3, 4]]}, {"input": [[3, 4, 7, 1, 8, 2, 7, 8], [8, 4, 2, 2, 1, 3, 3, 7], [8, 8, 1, 8, 8, 8, 4, 3], [7, 8, 8, 2, 1, 8, 1, 3], [3, 7, 3, 8, 8, 3, 1, 8], [2, 7, 4, 2, 1, 1, 4, 4], [3, 7, 2, 2, 2, 3, 2, 2], [4, 7, 3, 1, 1, 3, 7, 3]], "output": [[4, 7, 3, 1, 1, 3, 7, 3], [3, 7, 2, 2, 2, 3, 2, 2], [2, 7, 4, 2, 1, 1, 4, 4], [3, 7, 3, 8, 8, 3, 1, 8], [7, 8, 8, 2, 1, 8, 1, 3], [8, 8, 1, 8, 8, 8, 4, 3], [8, 4, 2, 2, 1, 3, 3, 7], [3, 4, 7, 1, 8, 2, 7, 8]]}, {"input": [[2, 3, 2, 8, 3, 7, 4], [4, 1, 4, 3, 7, 8, 7], [8, 4, 3, 1, 7, 4, 8], [7, 4, 7, 3, 2, 3, 8], [8, 1, 2, 2, 7, 4, 1], [4, 3, 3, 8, 8, 8, 3], [7, 8, 3, 4, 8, 2, 4]], "output": [[7, 8, 3, 4, 8, 2, 4], [4, 3, 3, 8, 8, 8, 3], [8, 1, 2, 2, 7, 4, 1], [7, 4, 7, 3, 2, 3, 8], [8, 4, 3, 1, 7, 4, 8], [4, 1, 4, 3, 7, 8, 7], [2, 3, 2, 8, 3, 7, 4]]}, {"input": [[1, 8, 2, 2], [8, 3, 8, 3], [4, 2, 3, 2], [7, 8, 2, 1]], "output": [[7, 8, 2, 1], [4, 2, 3, 2], [8, 3, 8, 3], [1, 8, 2, 2]]}, {"input": [[4, 2, 8, 1, 4, 7, 4], [8, 7, 7, 1, 7, 4, 7], [2, 4, 4, 2, 7, 1, 4], [4, 7, 1, 2, 2, 3, 2], [1, 2, 4, 8, 1, 2, 3], [8, 1, 2, 8, 4, 4, 8], [3, 4, 2, 7, 7, 3, 2]], "output": [[3, 4, 2, 7, 7, 3, 2], [8, 1, 2, 8, 4, 4, 8], [1, 2, 4, 8, 1, 2, 3], [4, 7, 1, 2, 2, 3, 2], [2, 4, 4, 2, 7, 1, 4], [8, 7, 7, 1, 7, 4, 7], [4, 2, 8, 1, 4, 7, 4]]}, {"input": [[2, 8, 4, 7], [2, 4, 2, 2], [7, 8, 7, 8], [1, 3, 4, 4]], "output": [[1, 3, 4, 4], [7, 8, 7, 8], [2, 4, 2, 2], [2, 8, 4, 7]]}, {"input": [[2, 4, 8, 7, 1, 2, 8], [1, 4, 4, 8, 2, 8, 7], [8, 8, 7, 3, 7, 3, 7], [1, 3, 8, 1, 1, 1, 8], [8, 2, 3, 1, 7, 1, 1], [3, 4, 3, 8, 7, 4, 2], [2, 3, 4, 7, 4, 4, 2]], "output": [[2, 3, 4, 7, 4, 4, 2], [3, 4, 3, 8, 7, 4, 2], [8, 2, 3, 1, 7, 1, 1], [1, 3, 8, 1, 1, 1, 8], [8, 8, 7, 3, 7, 3, 7], [1, 4, 4, 8, 2, 8, 7], [2, 4, 8, 7, 1, 2, 8]]}, {"input": [[4, 8, 8, 3, 7, 1], [7, 7, 2, 4, 2, 3], [2, 4, 7, 7, 1, 3], [4, 2, 4, 7, 4, 7], [2, 8, 8, 8, 2, 3], [2, 7, 8, 7, 3, 4]], "output": [[2, 7, 8, 7, 3, 4], [2, 8, 8, 8, 2, 3], [4, 2, 4, 7, 4, 7], [2, 4, 7, 7, 1, 3], [7, 7, 2, 4, 2, 3], [4, 8, 8, 3, 7, 1]]}, {"input": [[4, 3, 8, 3, 8, 4, 2, 8], [7, 7, 4, 4, 7, 7, 3, 3], [2, 3, 3, 2, 1, 8, 8, 7], [7, 8, 8, 4, 2, 3, 1, 2], [1, 1, 3, 4, 3, 1, 4, 2], [1, 2, 4, 8, 3, 4, 8, 3], [8, 7, 1, 1, 2, 4, 8, 2], [8, 3, 7, 2, 8, 8, 3, 4]], "output": [[8, 3, 7, 2, 8, 8, 3, 4], [8, 7, 1, 1, 2, 4, 8, 2], [1, 2, 4, 8, 3, 4, 8, 3], [1, 1, 3, 4, 3, 1, 4, 2], [7, 8, 8, 4, 2, 3, 1, 2], [2, 3, 3, 2, 1, 8, 8, 7], [7, 7, 4, 4, 7, 7, 3, 3], [4, 3, 8, 3, 8, 4, 2, 8]]}, {"input": [[8, 1, 7, 3, 2, 1], [4, 1, 1, 7, 3, 8], [2, 8, 8, 3, 3, 8], [7, 3, 4, 8, 1, 3], [4, 4, 4, 8, 2, 1], [2, 3, 8, 4, 4, 2]], "output": [[2, 3, 8, 4, 4, 2], [4, 4, 4, 8, 2, 1], [7, 3, 4, 8, 1, 3], [2, 8, 8, 3, 3, 8], [4, 1, 1, 7, 3, 8], [8, 1, 7, 3, 2, 1]]}, {"input": [[8, 4, 4, 4, 2, 8], [3, 4, 2, 8, 1, 7], [2, 8, 2, 2, 2, 7], [4, 8, 4, 8, 4, 2], [8, 3, 4, 8, 2, 1], [1, 2, 7, 2, 1, 2]], "output": [[1, 2, 7, 2, 1, 2], [8, 3, 4, 8, 2, 1], [4, 8, 4, 8, 4, 2], [2, 8, 2, 2, 2, 7], [3, 4, 2, 8, 1, 7], [8, 4, 4, 4, 2, 8]]}, {"input": [[1, 8, 3, 7, 7, 4, 8, 2], [3, 4, 7, 3, 7, 7, 1, 3], [8, 2, 2, 1, 8, 2, 8, 1], [7, 8, 4, 4, 4, 8, 3, 1], [8, 7, 7, 1, 4, 8, 8, 1], [7, 8, 7, 4, 1, 2, 3, 1], [7, 7, 4, 8, 4, 1, 4, 2], [2, 3, 4, 3, 4, 8, 4, 4]], "output": [[2, 3, 4, 3, 4, 8, 4, 4], [7, 7, 4, 8, 4, 1, 4, 2], [7, 8, 7, 4, 1, 2, 3, 1], [8, 7, 7, 1, 4, 8, 8, 1], [7, 8, 4, 4, 4, 8, 3, 1], [8, 2, 2, 1, 8, 2, 8, 1], [3, 4, 7, 3, 7, 7, 1, 3], [1, 8, 3, 7, 7, 4, 8, 2]]}, {"input": [[7, 4, 4, 3, 2, 4, 3, 8], [2, 2, 8, 7, 3, 4, 8, 3], [2, 8, 7, 2, 3, 7, 2, 8], [7, 8, 2, 7, 1, 8, 8, 4], [8, 8, 4, 1, 8, 7, 7, 8], [7, 1, 8, 1, 4, 8, 2, 2], [7, 2, 3, 2, 1, 8, 8, 4], [4, 2, 1, 1, 8, 8, 7, 2]], "output": [[4, 2, 1, 1, 8, 8, 7, 2], [7, 2, 3, 2, 1, 8, 8, 4], [7, 1, 8, 1, 4, 8, 2, 2], [8, 8, 4, 1, 8, 7, 7, 8], [7, 8, 2, 7, 1, 8, 8, 4], [2, 8, 7, 2, 3, 7, 2, 8], [2, 2, 8, 7, 3, 4, 8, 3], [7, 4, 4, 3, 2, 4, 3, 8]]}, {"input": [[4, 3, 8, 4, 8, 2, 2, 8], [8, 4, 3, 8, 4, 8, 2, 3], [3, 2, 1, 7, 4, 2, 2, 4], [1, 3, 7, 4, 3, 8, 2, 3], [8, 3, 7, 7, 2, 1, 7, 8], [2, 3, 8, 2, 8, 1, 2, 4], [3, 7, 7, 8, 1, 2, 3, 3], [1, 1, 4, 1, 8, 3, 2, 2]], "output": [[1, 1, 4, 1, 8, 3, 2, 2], [3, 7, 7, 8, 1, 2, 3, 3], [2, 3, 8, 2, 8, 1, 2, 4], [8, 3, 7, 7, 2, 1, 7, 8], [1, 3, 7, 4, 3, 8, 2, 3], [3, 2, 1, 7, 4, 2, 2, 4], [8, 4, 3, 8, 4, 8, 2, 3], [4, 3, 8, 4, 8, 2, 2, 8]]}, {"input": [[8, 7, 8, 7, 2, 2], [8, 1, 2, 7, 2, 7], [2, 4, 2, 4, 2, 2], [3, 2, 3, 2, 3, 1], [7, 3, 7, 4, 4, 3], [3, 2, 4, 4, 3, 7]], "output": [[3, 2, 4, 4, 3, 7], [7, 3, 7, 4, 4, 3], [3, 2, 3, 2, 3, 1], [2, 4, 2, 4, 2, 2], [8, 1, 2, 7, 2, 7], [8, 7, 8, 7, 2, 2]]}, {"input": [[7, 4, 7, 8, 8, 8, 8], [2, 3, 7, 8, 8, 8, 2], [1, 8, 1, 1, 7, 2, 4], [1, 4, 2, 4, 3, 3, 7], [4, 1, 4, 4, 4, 8, 8], [2, 1, 4, 4, 1, 1, 2], [4, 4, 8, 7, 7, 3, 8]], "output": [[4, 4, 8, 7, 7, 3, 8], [2, 1, 4, 4, 1, 1, 2], [4, 1, 4, 4, 4, 8, 8], [1, 4, 2, 4, 3, 3, 7], [1, 8, 1, 1, 7, 2, 4], [2, 3, 7, 8, 8, 8, 2], [7, 4, 7, 8, 8, 8, 8]]}, {"input": [[7, 1, 7, 7, 2], [7, 3, 4, 4, 8], [2, 2, 8, 8, 2], [8, 8, 8, 4, 4], [1, 2, 8, 2, 8]], "output": [[1, 2, 8, 2, 8], [8, 8, 8, 4, 4], [2, 2, 8, 8, 2], [7, 3, 4, 4, 8], [7, 1, 7, 7, 2]]}, {"input": [[1, 4, 7, 1, 8, 1, 7, 4], [7, 7, 2, 3, 2, 4, 3, 1], [3, 7, 1, 8, 7, 2, 3, 2], [1, 2, 1, 7, 4, 1, 4, 4], [7, 3, 2, 8, 3, 4, 8, 1], [3, 7, 2, 2, 3, 8, 4, 3], [8, 1, 2, 1, 4, 7, 8, 8], [2, 4, 8, 1, 7, 8, 4, 8]], "output": [[2, 4, 8, 1, 7, 8, 4, 8], [8, 1, 2, 1, 4, 7, 8, 8], [3, 7, 2, 2, 3, 8, 4, 3], [7, 3, 2, 8, 3, 4, 8, 1], [1, 2, 1, 7, 4, 1, 4, 4], [3, 7, 1, 8, 7, 2, 3, 2], [7, 7, 2, 3, 2, 4, 3, 1], [1, 4, 7, 1, 8, 1, 7, 4]]}, {"input": [[7, 1, 3, 1], [8, 3, 8, 3], [2, 8, 3, 7], [4, 4, 1, 7]], "output": [[4, 4, 1, 7], [2, 8, 3, 7], [8, 3, 8, 3], [7, 1, 3, 1]]}, {"input": [[7, 8, 2, 2, 2, 1], [7, 3, 4, 4, 8, 4], [3, 8, 1, 1, 2, 7], [3, 7, 4, 4, 1, 4], [8, 2, 4, 7, 7, 2], [7, 3, 4, 3, 3, 4]], "output": [[7, 3, 4, 3, 3, 4], [8, 2, 4, 7, 7, 2], [3, 7, 4, 4, 1, 4], [3, 8, 1, 1, 2, 7], [7, 3, 4, 4, 8, 4], [7, 8, 2, 2, 2, 1]]}, {"input": [[3, 1, 4, 8, 1, 3, 1], [7, 3, 1, 7, 1, 7, 7], [4, 2, 3, 3, 8, 7, 1], [1, 2, 1, 7, 2, 4, 2], [7, 7, 7, 3, 8, 3, 3], [2, 2, 2, 8, 7, 1, 1], [2, 1, 2, 1, 7, 7, 3]], "output": [[2, 1, 2, 1, 7, 7, 3], [2, 2, 2, 8, 7, 1, 1], [7, 7, 7, 3, 8, 3, 3], [1, 2, 1, 7, 2, 4, 2], [4, 2, 3, 3, 8, 7, 1], [7, 3, 1, 7, 1, 7, 7], [3, 1, 4, 8, 1, 3, 1]]}, {"input": [[7, 4, 7, 4, 8], [3, 2, 1, 1, 7], [7, 2, 8, 1, 8], [4, 2, 7, 1, 2], [7, 4, 7, 3, 3]], "output": [[7, 4, 7, 3, 3], [4, 2, 7, 1, 2], [7, 2, 8, 1, 8], [3, 2, 1, 1, 7], [7, 4, 7, 4, 8]]}, {"input": [[2, 3, 1, 4, 4, 1, 3, 4], [3, 8, 4, 1, 8, 1, 3, 3], [4, 4, 8, 4, 4, 1, 2, 8], [8, 8, 2, 1, 3, 1, 3, 4], [4, 3, 1, 7, 4, 7, 4, 1], [7, 3, 7, 8, 3, 7, 2, 8], [1, 1, 3, 2, 1, 1, 7, 4], [3, 1, 4, 1, 1, 2, 3, 7]], "output": [[3, 1, 4, 1, 1, 2, 3, 7], [1, 1, 3, 2, 1, 1, 7, 4], [7, 3, 7, 8, 3, 7, 2, 8], [4, 3, 1, 7, 4, 7, 4, 1], [8, 8, 2, 1, 3, 1, 3, 4], [4, 4, 8, 4, 4, 1, 2, 8], [3, 8, 4, 1, 8, 1, 3, 3], [2, 3, 1, 4, 4, 1, 3, 4]]}, {"input": [[4, 8, 4, 4, 4], [1, 1, 1, 7, 1], [7, 4, 2, 8, 1], [2, 4, 1, 1, 4], [8, 1, 2, 1, 3]], "output": [[8, 1, 2, 1, 3], [2, 4, 1, 1, 4], [7, 4, 2, 8, 1], [1, 1, 1, 7, 1], [4, 8, 4, 4, 4]]}, {"input": [[1, 2, 4, 3], [2, 3, 8, 1], [7, 8, 2, 1], [8, 8, 1, 1]], "output": [[8, 8, 1, 1], [7, 8, 2, 1], [2, 3, 8, 1], [1, 2, 4, 3]]}, {"input": [[2, 4, 8, 3, 8, 1], [1, 2, 3, 2, 8, 7], [1, 2, 1, 1, 3, 2], [8, 4, 4, 7, 3, 8], [1, 2, 7, 3, 8, 4], [1, 8, 7, 3, 2, 3]], "output": [[1, 8, 7, 3, 2, 3], [1, 2, 7, 3, 8, 4], [8, 4, 4, 7, 3, 8], [1, 2, 1, 1, 3, 2], [1, 2, 3, 2, 8, 7], [2, 4, 8, 3, 8, 1]]}, {"input": [[7, 1, 1, 3, 8], [7, 4, 7, 3, 3], [3, 1, 2, 8, 3], [1, 7, 1, 7, 7], [2, 2, 7, 2, 1]], "output": [[2, 2, 7, 2, 1], [1, 7, 1, 7, 7], [3, 1, 2, 8, 3], [7, 4, 7, 3, 3], [7, 1, 1, 3, 8]]}, {"input": [[3, 4, 2, 1], [2, 4, 2, 8], [3, 2, 1, 7], [8, 8, 7, 2]], "output": [[8, 8, 7, 2], [3, 2, 1, 7], [2, 4, 2, 8], [3, 4, 2, 1]]}, {"input": [[4, 4, 4, 2], [3, 3, 3, 8], [3, 7, 1, 1], [8, 2, 3, 8]], "output": [[8, 2, 3, 8], [3, 7, 1, 1], [3, 3, 3, 8], [4, 4, 4, 2]]}, {"input": [[4, 8, 3, 8, 3, 7], [2, 7, 1, 8, 7, 1], [3, 3, 8, 4, 2, 1], [1, 8, 8, 2, 8, 8], [1, 1, 7, 4, 7, 7], [7, 4, 2, 1, 3, 8]], "output": [[7, 4, 2, 1, 3, 8], [1, 1, 7, 4, 7, 7], [1, 8, 8, 2, 8, 8], [3, 3, 8, 4, 2, 1], [2, 7, 1, 8, 7, 1], [4, 8, 3, 8, 3, 7]]}, {"input": [[8, 7, 1, 4, 4], [3, 8, 3, 1, 1], [8, 1, 8, 3, 1], [8, 3, 8, 4, 3], [4, 1, 8, 7, 8]], "output": [[4, 1, 8, 7, 8], [8, 3, 8, 4, 3], [8, 1, 8, 3, 1], [3, 8, 3, 1, 1], [8, 7, 1, 4, 4]]}, {"input": [[7, 4, 7, 1, 1], [3, 2, 4, 1, 3], [7, 3, 4, 7, 4], [2, 2, 3, 4, 1], [7, 3, 1, 7, 7]], "output": [[7, 3, 1, 7, 7], [2, 2, 3, 4, 1], [7, 3, 4, 7, 4], [3, 2, 4, 1, 3], [7, 4, 7, 1, 1]]}, {"input": [[7, 8, 3, 4, 4, 1], [3, 4, 7, 7, 2, 4], [3, 1, 4, 7, 4, 2], [4, 2, 3, 1, 2, 3], [2, 1, 2, 4, 3, 4], [8, 4, 3, 2, 8, 4]], "output": [[8, 4, 3, 2, 8, 4], [2, 1, 2, 4, 3, 4], [4, 2, 3, 1, 2, 3], [3, 1, 4, 7, 4, 2], [3, 4, 7, 7, 2, 4], [7, 8, 3, 4, 4, 1]]}, {"input": [[4, 1, 8, 2, 8, 1, 3, 1], [1, 8, 8, 8, 8, 8, 7, 1], [7, 3, 4, 8, 2, 4, 7, 7], [1, 3, 8, 4, 3, 2, 1, 7], [1, 7, 2, 1, 3, 1, 8, 4], [4, 1, 3, 3, 1, 7, 1, 3], [7, 7, 7, 2, 8, 1, 7, 4], [4, 7, 8, 3, 4, 8, 3, 2]], "output": [[4, 7, 8, 3, 4, 8, 3, 2], [7, 7, 7, 2, 8, 1, 7, 4], [4, 1, 3, 3, 1, 7, 1, 3], [1, 7, 2, 1, 3, 1, 8, 4], [1, 3, 8, 4, 3, 2, 1, 7], [7, 3, 4, 8, 2, 4, 7, 7], [1, 8, 8, 8, 8, 8, 7, 1], [4, 1, 8, 2, 8, 1, 3, 1]]}, {"input": [[2, 1, 4, 1], [7, 8, 1, 3], [2, 3, 4, 3], [4, 2, 4, 8]], "output": [[4, 2, 4, 8], [2, 3, 4, 3], [7, 8, 1, 3], [2, 1, 4, 1]]}, {"input": [[8, 1, 1, 4, 2, 2], [4, 7, 7, 1, 7, 3], [2, 1, 7, 8, 1, 7], [1, 7, 3, 4, 4, 8], [7, 1, 4, 3, 4, 2], [1, 4, 7, 1, 8, 3]], "output": [[1, 4, 7, 1, 8, 3], [7, 1, 4, 3, 4, 2], [1, 7, 3, 4, 4, 8], [2, 1, 7, 8, 1, 7], [4, 7, 7, 1, 7, 3], [8, 1, 1, 4, 2, 2]]}, {"input": [[8, 8, 3, 2], [4, 8, 3, 7], [2, 1, 4, 3], [2, 8, 2, 3]], "output": [[2, 8, 2, 3], [2, 1, 4, 3], [4, 8, 3, 7], [8, 8, 3, 2]]}, {"input": [[3, 8, 1, 2], [3, 7, 2, 3], [1, 2, 2, 3], [4, 4, 8, 2]], "output": [[4, 4, 8, 2], [1, 2, 2, 3], [3, 7, 2, 3], [3, 8, 1, 2]]}, {"input": [[7, 8, 3, 7, 2, 1], [8, 7, 4, 4, 2, 1], [2, 7, 4, 2, 3, 4], [3, 2, 8, 1, 7, 2], [3, 8, 8, 1, 4, 2], [7, 3, 8, 4, 7, 4]], "output": [[7, 3, 8, 4, 7, 4], [3, 8, 8, 1, 4, 2], [3, 2, 8, 1, 7, 2], [2, 7, 4, 2, 3, 4], [8, 7, 4, 4, 2, 1], [7, 8, 3, 7, 2, 1]]}, {"input": [[4, 8, 2, 7], [3, 3, 4, 7], [8, 4, 2, 7], [1, 2, 3, 1]], "output": [[1, 2, 3, 1], [8, 4, 2, 7], [3, 3, 4, 7], [4, 8, 2, 7]]}, {"input": [[3, 1, 2, 8, 8, 7, 7, 7], [1, 4, 4, 4, 4, 2, 7, 3], [7, 3, 7, 7, 2, 3, 4, 4], [3, 3, 3, 8, 4, 3, 8, 7], [4, 7, 2, 7, 1, 7, 4, 4], [1, 7, 8, 1, 8, 7, 3, 8], [2, 2, 1, 3, 7, 1, 4, 1], [3, 7, 3, 8, 2, 1, 8, 1]], "output": [[3, 7, 3, 8, 2, 1, 8, 1], [2, 2, 1, 3, 7, 1, 4, 1], [1, 7, 8, 1, 8, 7, 3, 8], [4, 7, 2, 7, 1, 7, 4, 4], [3, 3, 3, 8, 4, 3, 8, 7], [7, 3, 7, 7, 2, 3, 4, 4], [1, 4, 4, 4, 4, 2, 7, 3], [3, 1, 2, 8, 8, 7, 7, 7]]}, {"input": [[7, 3, 2, 3, 1], [2, 3, 4, 7, 4], [4, 3, 3, 2, 2], [4, 8, 8, 3, 4], [3, 2, 1, 4, 2]], "output": [[3, 2, 1, 4, 2], [4, 8, 8, 3, 4], [4, 3, 3, 2, 2], [2, 3, 4, 7, 4], [7, 3, 2, 3, 1]]}, {"input": [[2, 1, 4, 3, 8, 8], [4, 4, 7, 8, 3, 8], [1, 7, 8, 2, 8, 4], [2, 8, 7, 8, 8, 7], [8, 1, 7, 2, 3, 8], [1, 8, 4, 2, 4, 4]], "output": [[1, 8, 4, 2, 4, 4], [8, 1, 7, 2, 3, 8], [2, 8, 7, 8, 8, 7], [1, 7, 8, 2, 8, 4], [4, 4, 7, 8, 3, 8], [2, 1, 4, 3, 8, 8]]}, {"input": [[1, 4, 8, 3, 2, 7, 1, 1], [3, 2, 1, 2, 8, 8, 8, 4], [2, 8, 2, 4, 1, 8, 8, 1], [7, 3, 2, 4, 3, 1, 7, 7], [2, 8, 7, 1, 1, 4, 7, 4], [7, 4, 2, 2, 2, 4, 7, 1], [8, 8, 4, 3, 8, 2, 8, 8], [7, 8, 4, 2, 2, 8, 7, 8]], "output": [[7, 8, 4, 2, 2, 8, 7, 8], [8, 8, 4, 3, 8, 2, 8, 8], [7, 4, 2, 2, 2, 4, 7, 1], [2, 8, 7, 1, 1, 4, 7, 4], [7, 3, 2, 4, 3, 1, 7, 7], [2, 8, 2, 4, 1, 8, 8, 1], [3, 2, 1, 2, 8, 8, 8, 4], [1, 4, 8, 3, 2, 7, 1, 1]]}, {"input": [[2, 3, 7, 1, 2, 7, 3], [2, 8, 1, 7, 1, 2, 2], [8, 1, 3, 7, 4, 7, 1], [4, 1, 3, 4, 3, 4, 2], [4, 7, 2, 3, 1, 1, 1], [2, 8, 4, 8, 1, 1, 8], [8, 3, 3, 3, 1, 1, 3]], "output": [[8, 3, 3, 3, 1, 1, 3], [2, 8, 4, 8, 1, 1, 8], [4, 7, 2, 3, 1, 1, 1], [4, 1, 3, 4, 3, 4, 2], [8, 1, 3, 7, 4, 7, 1], [2, 8, 1, 7, 1, 2, 2], [2, 3, 7, 1, 2, 7, 3]]}, {"input": [[1, 4, 2, 3, 2], [4, 3, 8, 3, 3], [8, 2, 4, 8, 2], [4, 1, 4, 1, 3], [8, 7, 8, 1, 3]], "output": [[8, 7, 8, 1, 3], [4, 1, 4, 1, 3], [8, 2, 4, 8, 2], [4, 3, 8, 3, 3], [1, 4, 2, 3, 2]]}, {"input": [[7, 3, 8, 7], [1, 2, 4, 2], [1, 4, 8, 7], [8, 1, 1, 8]], "output": [[8, 1, 1, 8], [1, 4, 8, 7], [1, 2, 4, 2], [7, 3, 8, 7]]}, {"input": [[1, 3, 3, 2], [3, 3, 3, 2], [1, 3, 8, 3], [8, 4, 8, 8]], "output": [[8, 4, 8, 8], [1, 3, 8, 3], [3, 3, 3, 2], [1, 3, 3, 2]]}, {"input": [[1, 1, 2, 2], [1, 2, 3, 8], [2, 7, 8, 1], [4, 7, 7, 3]], "output": [[4, 7, 7, 3], [2, 7, 8, 1], [1, 2, 3, 8], [1, 1, 2, 2]]}, {"input": [[1, 1, 2, 3, 1, 2, 8, 2], [3, 8, 8, 1, 1, 3, 8, 1], [1, 2, 2, 2, 7, 2, 2, 8], [3, 2, 2, 1, 7, 4, 2, 7], [3, 8, 8, 3, 8, 3, 1, 1], [8, 8, 1, 8, 4, 3, 8, 8], [1, 3, 7, 8, 1, 7, 3, 3], [4, 8, 3, 8, 2, 1, 7, 8]], "output": [[4, 8, 3, 8, 2, 1, 7, 8], [1, 3, 7, 8, 1, 7, 3, 3], [8, 8, 1, 8, 4, 3, 8, 8], [3, 8, 8, 3, 8, 3, 1, 1], [3, 2, 2, 1, 7, 4, 2, 7], [1, 2, 2, 2, 7, 2, 2, 8], [3, 8, 8, 1, 1, 3, 8, 1], [1, 1, 2, 3, 1, 2, 8, 2]]}, {"input": [[1, 4, 7, 7, 4, 2], [2, 1, 3, 4, 1, 3], [8, 1, 2, 4, 8, 7], [7, 3, 3, 1, 3, 7], [8, 2, 2, 4, 2, 1], [1, 1, 3, 7, 7, 3]], "output": [[1, 1, 3, 7, 7, 3], [8, 2, 2, 4, 2, 1], [7, 3, 3, 1, 3, 7], [8, 1, 2, 4, 8, 7], [2, 1, 3, 4, 1, 3], [1, 4, 7, 7, 4, 2]]}, {"input": [[4, 8, 2, 2, 4], [1, 1, 7, 4, 3], [8, 4, 8, 7, 4], [4, 4, 2, 1, 3], [3, 2, 7, 2, 8]], "output": [[3, 2, 7, 2, 8], [4, 4, 2, 1, 3], [8, 4, 8, 7, 4], [1, 1, 7, 4, 3], [4, 8, 2, 2, 4]]}, {"input": [[1, 7, 2, 2], [1, 2, 7, 8], [3, 7, 3, 4], [2, 8, 8, 2]], "output": [[2, 8, 8, 2], [3, 7, 3, 4], [1, 2, 7, 8], [1, 7, 2, 2]]}, {"input": [[7, 3, 8, 4, 1, 8, 1, 7], [2, 1, 4, 7, 7, 2, 7, 3], [1, 4, 3, 3, 7, 1, 4, 7], [8, 4, 8, 7, 1, 1, 2, 8], [4, 8, 2, 7, 4, 7, 2, 2], [3, 4, 4, 4, 2, 4, 8, 3], [3, 8, 2, 7, 1, 2, 2, 3], [8, 4, 2, 1, 7, 8, 7, 7]], "output": [[8, 4, 2, 1, 7, 8, 7, 7], [3, 8, 2, 7, 1, 2, 2, 3], [3, 4, 4, 4, 2, 4, 8, 3], [4, 8, 2, 7, 4, 7, 2, 2], [8, 4, 8, 7, 1, 1, 2, 8], [1, 4, 3, 3, 7, 1, 4, 7], [2, 1, 4, 7, 7, 2, 7, 3], [7, 3, 8, 4, 1, 8, 1, 7]]}, {"input": [[1, 3, 2, 3], [1, 2, 4, 3], [4, 1, 2, 2], [3, 3, 1, 1]], "output": [[3, 3, 1, 1], [4, 1, 2, 2], [1, 2, 4, 3], [1, 3, 2, 3]]}, {"input": [[1, 7, 3, 2, 4, 2, 8, 4], [1, 8, 3, 4, 8, 4, 1, 7], [1, 1, 7, 7, 3, 2, 4, 7], [2, 7, 3, 3, 8, 3, 3, 4], [8, 3, 7, 4, 1, 4, 4, 1], [3, 8, 2, 8, 7, 1, 1, 4], [8, 1, 3, 3, 8, 2, 7, 1], [1, 8, 7, 3, 4, 8, 7, 3]], "output": [[1, 8, 7, 3, 4, 8, 7, 3], [8, 1, 3, 3, 8, 2, 7, 1], [3, 8, 2, 8, 7, 1, 1, 4], [8, 3, 7, 4, 1, 4, 4, 1], [2, 7, 3, 3, 8, 3, 3, 4], [1, 1, 7, 7, 3, 2, 4, 7], [1, 8, 3, 4, 8, 4, 1, 7], [1, 7, 3, 2, 4, 2, 8, 4]]}, {"input": [[8, 4, 8, 2, 4, 2, 7], [7, 8, 4, 2, 7, 3, 2], [4, 2, 8, 2, 7, 3, 3], [8, 2, 3, 3, 1, 4, 1], [3, 8, 2, 1, 4, 4, 7], [4, 1, 8, 8, 1, 2, 8], [3, 3, 3, 7, 2, 7, 7]], "output": [[3, 3, 3, 7, 2, 7, 7], [4, 1, 8, 8, 1, 2, 8], [3, 8, 2, 1, 4, 4, 7], [8, 2, 3, 3, 1, 4, 1], [4, 2, 8, 2, 7, 3, 3], [7, 8, 4, 2, 7, 3, 2], [8, 4, 8, 2, 4, 2, 7]]}, {"input": [[3, 7, 2, 7, 4, 2], [1, 1, 7, 4, 8, 1], [3, 4, 8, 1, 1, 1], [8, 2, 1, 4, 7, 7], [2, 7, 7, 8, 1, 8], [3, 1, 4, 8, 4, 7]], "output": [[3, 1, 4, 8, 4, 7], [2, 7, 7, 8, 1, 8], [8, 2, 1, 4, 7, 7], [3, 4, 8, 1, 1, 1], [1, 1, 7, 4, 8, 1], [3, 7, 2, 7, 4, 2]]}, {"input": [[2, 1, 2, 4], [1, 2, 8, 2], [8, 8, 1, 1], [1, 4, 3, 7]], "output": [[1, 4, 3, 7], [8, 8, 1, 1], [1, 2, 8, 2], [2, 1, 2, 4]]}, {"input": [[8, 4, 4, 2], [2, 1, 3, 2], [3, 3, 4, 3], [7, 2, 7, 2]], "output": [[7, 2, 7, 2], [3, 3, 4, 3], [2, 1, 3, 2], [8, 4, 4, 2]]}, {"input": [[3, 4, 3, 3], [1, 8, 8, 3], [2, 4, 8, 7], [7, 2, 4, 1]], "output": [[7, 2, 4, 1], [2, 4, 8, 7], [1, 8, 8, 3], [3, 4, 3, 3]]}, {"input": [[1, 8, 3, 2, 8, 8, 4, 3], [3, 2, 4, 2, 4, 2, 4, 1], [4, 7, 8, 8, 4, 4, 8, 8], [4, 8, 7, 1, 7, 8, 2, 1], [8, 8, 1, 2, 8, 2, 4, 1], [2, 3, 4, 3, 1, 1, 7, 2], [8, 3, 1, 4, 1, 7, 4, 3], [1, 3, 3, 3, 3, 3, 2, 4]], "output": [[1, 3, 3, 3, 3, 3, 2, 4], [8, 3, 1, 4, 1, 7, 4, 3], [2, 3, 4, 3, 1, 1, 7, 2], [8, 8, 1, 2, 8, 2, 4, 1], [4, 8, 7, 1, 7, 8, 2, 1], [4, 7, 8, 8, 4, 4, 8, 8], [3, 2, 4, 2, 4, 2, 4, 1], [1, 8, 3, 2, 8, 8, 4, 3]]}, {"input": [[2, 2, 4, 3, 8, 1, 8, 4], [8, 3, 4, 7, 1, 8, 1, 7], [7, 4, 2, 7, 7, 1, 8, 4], [8, 3, 7, 7, 3, 3, 7, 1], [4, 1, 3, 3, 7, 1, 7, 2], [4, 8, 3, 4, 8, 1, 2, 7], [8, 8, 4, 1, 2, 8, 1, 8], [7, 3, 2, 4, 8, 8, 3, 3]], "output": [[7, 3, 2, 4, 8, 8, 3, 3], [8, 8, 4, 1, 2, 8, 1, 8], [4, 8, 3, 4, 8, 1, 2, 7], [4, 1, 3, 3, 7, 1, 7, 2], [8, 3, 7, 7, 3, 3, 7, 1], [7, 4, 2, 7, 7, 1, 8, 4], [8, 3, 4, 7, 1, 8, 1, 7], [2, 2, 4, 3, 8, 1, 8, 4]]}, {"input": [[7, 4, 2, 8, 7, 4], [8, 8, 2, 4, 3, 3], [1, 4, 7, 8, 1, 2], [4, 3, 2, 1, 3, 4], [4, 4, 3, 2, 4, 2], [2, 4, 4, 3, 7, 1]], "output": [[2, 4, 4, 3, 7, 1], [4, 4, 3, 2, 4, 2], [4, 3, 2, 1, 3, 4], [1, 4, 7, 8, 1, 2], [8, 8, 2, 4, 3, 3], [7, 4, 2, 8, 7, 4]]}, {"input": [[8, 4, 1, 4, 2, 2], [2, 4, 8, 1, 8, 3], [3, 2, 7, 7, 1, 8], [7, 8, 8, 1, 1, 7], [3, 7, 2, 3, 8, 3], [4, 1, 8, 8, 2, 7]], "output": [[4, 1, 8, 8, 2, 7], [3, 7, 2, 3, 8, 3], [7, 8, 8, 1, 1, 7], [3, 2, 7, 7, 1, 8], [2, 4, 8, 1, 8, 3], [8, 4, 1, 4, 2, 2]]}, {"input": [[8, 7, 2, 4, 4], [4, 1, 3, 3, 4], [4, 1, 3, 7, 3], [8, 4, 4, 7, 1], [1, 8, 2, 3, 8]], "output": [[1, 8, 2, 3, 8], [8, 4, 4, 7, 1], [4, 1, 3, 7, 3], [4, 1, 3, 3, 4], [8, 7, 2, 4, 4]]}, {"input": [[3, 2, 4, 2, 7, 2, 7, 4], [7, 3, 3, 2, 7, 3, 8, 3], [2, 7, 7, 4, 8, 7, 7, 7], [3, 8, 2, 4, 4, 7, 2, 7], [7, 7, 4, 1, 3, 8, 3, 8], [7, 1, 4, 7, 1, 1, 3, 3], [7, 4, 4, 3, 1, 8, 1, 8], [7, 7, 7, 8, 7, 2, 7, 8]], "output": [[7, 7, 7, 8, 7, 2, 7, 8], [7, 4, 4, 3, 1, 8, 1, 8], [7, 1, 4, 7, 1, 1, 3, 3], [7, 7, 4, 1, 3, 8, 3, 8], [3, 8, 2, 4, 4, 7, 2, 7], [2, 7, 7, 4, 8, 7, 7, 7], [7, 3, 3, 2, 7, 3, 8, 3], [3, 2, 4, 2, 7, 2, 7, 4]]}, {"input": [[3, 1, 2, 8, 1], [7, 4, 3, 3, 2], [2, 2, 3, 3, 3], [7, 7, 7, 1, 3], [7, 7, 7, 3, 4]], "output": [[7, 7, 7, 3, 4], [7, 7, 7, 1, 3], [2, 2, 3, 3, 3], [7, 4, 3, 3, 2], [3, 1, 2, 8, 1]]}, {"input": [[3, 8, 7, 7], [3, 3, 2, 7], [7, 2, 7, 2], [8, 8, 8, 4]], "output": [[8, 8, 8, 4], [7, 2, 7, 2], [3, 3, 2, 7], [3, 8, 7, 7]]}, {"input": [[2, 2, 3, 1], [8, 1, 1, 4], [2, 8, 1, 3], [7, 8, 4, 7]], "output": [[7, 8, 4, 7], [2, 8, 1, 3], [8, 1, 1, 4], [2, 2, 3, 1]]}, {"input": [[4, 2, 7, 3, 2, 3, 3, 1], [3, 1, 2, 7, 7, 4, 3, 4], [4, 4, 4, 4, 7, 8, 8, 8], [8, 1, 1, 1, 7, 4, 7, 8], [1, 3, 7, 8, 7, 7, 2, 1], [8, 3, 4, 3, 3, 1, 1, 7], [1, 7, 1, 1, 8, 2, 1, 3], [3, 3, 4, 4, 3, 7, 4, 3]], "output": [[3, 3, 4, 4, 3, 7, 4, 3], [1, 7, 1, 1, 8, 2, 1, 3], [8, 3, 4, 3, 3, 1, 1, 7], [1, 3, 7, 8, 7, 7, 2, 1], [8, 1, 1, 1, 7, 4, 7, 8], [4, 4, 4, 4, 7, 8, 8, 8], [3, 1, 2, 7, 7, 4, 3, 4], [4, 2, 7, 3, 2, 3, 3, 1]]}, {"input": [[4, 8, 1, 3, 3, 3, 1, 3], [1, 1, 8, 4, 8, 2, 4, 3], [4, 2, 8, 3, 3, 8, 3, 4], [7, 7, 7, 2, 1, 8, 7, 1], [7, 2, 8, 4, 1, 4, 1, 7], [4, 8, 7, 1, 8, 3, 4, 7], [4, 8, 8, 3, 2, 4, 4, 7], [1, 3, 3, 7, 8, 2, 8, 7]], "output": [[1, 3, 3, 7, 8, 2, 8, 7], [4, 8, 8, 3, 2, 4, 4, 7], [4, 8, 7, 1, 8, 3, 4, 7], [7, 2, 8, 4, 1, 4, 1, 7], [7, 7, 7, 2, 1, 8, 7, 1], [4, 2, 8, 3, 3, 8, 3, 4], [1, 1, 8, 4, 8, 2, 4, 3], [4, 8, 1, 3, 3, 3, 1, 3]]}, {"input": [[3, 1, 2, 8, 3], [1, 2, 1, 1, 3], [4, 3, 1, 8, 8], [8, 2, 3, 1, 3], [7, 3, 4, 1, 1]], "output": [[7, 3, 4, 1, 1], [8, 2, 3, 1, 3], [4, 3, 1, 8, 8], [1, 2, 1, 1, 3], [3, 1, 2, 8, 3]]}, {"input": [[1, 4, 2, 3, 8, 8], [4, 1, 3, 8, 4, 1], [1, 3, 3, 1, 4, 4], [4, 8, 3, 1, 3, 2], [8, 1, 3, 2, 3, 8], [7, 7, 8, 3, 7, 2]], "output": [[7, 7, 8, 3, 7, 2], [8, 1, 3, 2, 3, 8], [4, 8, 3, 1, 3, 2], [1, 3, 3, 1, 4, 4], [4, 1, 3, 8, 4, 1], [1, 4, 2, 3, 8, 8]]}, {"input": [[1, 7, 4, 1, 2], [7, 8, 1, 1, 7], [2, 4, 8, 4, 7], [7, 3, 4, 8, 7], [3, 8, 8, 4, 1]], "output": [[3, 8, 8, 4, 1], [7, 3, 4, 8, 7], [2, 4, 8, 4, 7], [7, 8, 1, 1, 7], [1, 7, 4, 1, 2]]}, {"input": [[3, 1, 3, 4, 2], [1, 3, 1, 4, 8], [8, 3, 8, 4, 1], [8, 3, 3, 3, 1], [8, 4, 4, 3, 3]], "output": [[8, 4, 4, 3, 3], [8, 3, 3, 3, 1], [8, 3, 8, 4, 1], [1, 3, 1, 4, 8], [3, 1, 3, 4, 2]]}, {"input": [[7, 1, 3, 3], [3, 3, 2, 3], [4, 2, 2, 4], [2, 8, 4, 3]], "output": [[2, 8, 4, 3], [4, 2, 2, 4], [3, 3, 2, 3], [7, 1, 3, 3]]}, {"input": [[3, 3, 8, 1, 3, 8], [8, 2, 8, 3, 1, 8], [3, 2, 4, 1, 2, 2], [4, 8, 7, 7, 2, 3], [2, 8, 1, 1, 2, 1], [3, 4, 2, 8, 1, 3]], "output": [[3, 4, 2, 8, 1, 3], [2, 8, 1, 1, 2, 1], [4, 8, 7, 7, 2, 3], [3, 2, 4, 1, 2, 2], [8, 2, 8, 3, 1, 8], [3, 3, 8, 1, 3, 8]]}, {"input": [[3, 3, 1, 4, 3, 7], [7, 2, 2, 3, 4, 1], [8, 2, 8, 1, 2, 2], [7, 2, 2, 7, 1, 2], [4, 1, 3, 4, 1, 4], [7, 7, 4, 2, 1, 8]], "output": [[7, 7, 4, 2, 1, 8], [4, 1, 3, 4, 1, 4], [7, 2, 2, 7, 1, 2], [8, 2, 8, 1, 2, 2], [7, 2, 2, 3, 4, 1], [3, 3, 1, 4, 3, 7]]}, {"input": [[7, 8, 2, 1, 8, 4, 2], [3, 1, 8, 7, 7, 2, 1], [3, 1, 7, 8, 1, 4, 1], [4, 7, 1, 3, 2, 4, 7], [4, 8, 8, 1, 8, 4, 7], [4, 3, 1, 1, 7, 4, 3], [3, 1, 4, 3, 3, 8, 1]], "output": [[3, 1, 4, 3, 3, 8, 1], [4, 3, 1, 1, 7, 4, 3], [4, 8, 8, 1, 8, 4, 7], [4, 7, 1, 3, 2, 4, 7], [3, 1, 7, 8, 1, 4, 1], [3, 1, 8, 7, 7, 2, 1], [7, 8, 2, 1, 8, 4, 2]]}, {"input": [[3, 8, 2, 4, 2], [8, 2, 3, 3, 7], [3, 3, 3, 7, 7], [4, 1, 7, 1, 8], [3, 8, 2, 4, 4]], "output": [[3, 8, 2, 4, 4], [4, 1, 7, 1, 8], [3, 3, 3, 7, 7], [8, 2, 3, 3, 7], [3, 8, 2, 4, 2]]}, {"input": [[2, 8, 8, 8], [2, 1, 3, 4], [4, 8, 1, 2], [7, 4, 2, 3]], "output": [[7, 4, 2, 3], [4, 8, 1, 2], [2, 1, 3, 4], [2, 8, 8, 8]]}, {"input": [[3, 7, 3, 8], [3, 4, 4, 4], [8, 4, 3, 8], [8, 3, 8, 1]], "output": [[8, 3, 8, 1], [8, 4, 3, 8], [3, 4, 4, 4], [3, 7, 3, 8]]}, {"input": [[8, 1, 1, 2, 4, 2, 3, 4], [2, 3, 2, 2, 2, 7, 4, 3], [4, 7, 7, 3, 2, 3, 3, 2], [2, 1, 7, 2, 4, 4, 4, 7], [2, 1, 8, 1, 1, 4, 3, 2], [4, 7, 7, 3, 3, 3, 3, 4], [7, 3, 4, 7, 7, 7, 8, 1], [2, 7, 7, 8, 3, 7, 3, 2]], "output": [[2, 7, 7, 8, 3, 7, 3, 2], [7, 3, 4, 7, 7, 7, 8, 1], [4, 7, 7, 3, 3, 3, 3, 4], [2, 1, 8, 1, 1, 4, 3, 2], [2, 1, 7, 2, 4, 4, 4, 7], [4, 7, 7, 3, 2, 3, 3, 2], [2, 3, 2, 2, 2, 7, 4, 3], [8, 1, 1, 2, 4, 2, 3, 4]]}, {"input": [[1, 4, 7, 7], [7, 7, 7, 8], [8, 1, 3, 4], [7, 2, 4, 3]], "output": [[7, 2, 4, 3], [8, 1, 3, 4], [7, 7, 7, 8], [1, 4, 7, 7]]}, {"input": [[3, 8, 2, 2, 3, 1], [2, 1, 3, 8, 2, 1], [3, 8, 2, 3, 7, 7], [2, 4, 7, 2, 2, 8], [4, 3, 3, 1, 3, 7], [7, 7, 4, 4, 1, 7]], "output": [[7, 7, 4, 4, 1, 7], [4, 3, 3, 1, 3, 7], [2, 4, 7, 2, 2, 8], [3, 8, 2, 3, 7, 7], [2, 1, 3, 8, 2, 1], [3, 8, 2, 2, 3, 1]]}, {"input": [[2, 7, 2, 8, 7, 8, 3, 7], [2, 1, 4, 1, 7, 8, 2, 2], [1, 2, 1, 1, 3, 3, 7, 7], [3, 2, 1, 8, 8, 8, 4, 3], [7, 2, 1, 1, 1, 8, 8, 1], [7, 7, 7, 3, 2, 4, 7, 2], [1, 2, 4, 1, 2, 1, 3, 3], [8, 8, 1, 8, 1, 7, 3, 7]], "output": [[8, 8, 1, 8, 1, 7, 3, 7], [1, 2, 4, 1, 2, 1, 3, 3], [7, 7, 7, 3, 2, 4, 7, 2], [7, 2, 1, 1, 1, 8, 8, 1], [3, 2, 1, 8, 8, 8, 4, 3], [1, 2, 1, 1, 3, 3, 7, 7], [2, 1, 4, 1, 7, 8, 2, 2], [2, 7, 2, 8, 7, 8, 3, 7]]}, {"input": [[1, 3, 1, 3], [8, 7, 2, 7], [8, 7, 4, 3], [4, 1, 7, 4]], "output": [[4, 1, 7, 4], [8, 7, 4, 3], [8, 7, 2, 7], [1, 3, 1, 3]]}, {"input": [[1, 8, 8, 2, 2], [4, 3, 8, 7, 3], [8, 3, 3, 7, 1], [8, 2, 7, 1, 1], [8, 4, 2, 7, 8]], "output": [[8, 4, 2, 7, 8], [8, 2, 7, 1, 1], [8, 3, 3, 7, 1], [4, 3, 8, 7, 3], [1, 8, 8, 2, 2]]}, {"input": [[1, 2, 1, 3, 7, 4], [4, 8, 4, 7, 3, 7], [8, 4, 8, 2, 3, 1], [2, 7, 1, 4, 2, 2], [1, 4, 8, 7, 7, 1], [2, 4, 8, 8, 7, 3]], "output": [[2, 4, 8, 8, 7, 3], [1, 4, 8, 7, 7, 1], [2, 7, 1, 4, 2, 2], [8, 4, 8, 2, 3, 1], [4, 8, 4, 7, 3, 7], [1, 2, 1, 3, 7, 4]]}, {"input": [[3, 7, 3, 4, 4, 1], [1, 7, 8, 2, 1, 3], [4, 1, 8, 8, 3, 1], [7, 7, 3, 2, 1, 7], [4, 2, 3, 3, 3, 2], [4, 7, 2, 8, 4, 1]], "output": [[4, 7, 2, 8, 4, 1], [4, 2, 3, 3, 3, 2], [7, 7, 3, 2, 1, 7], [4, 1, 8, 8, 3, 1], [1, 7, 8, 2, 1, 3], [3, 7, 3, 4, 4, 1]]}, {"input": [[4, 7, 7, 4, 3, 2, 2, 1], [3, 3, 1, 2, 8, 3, 4, 3], [2, 8, 7, 2, 8, 8, 4, 2], [1, 2, 8, 1, 8, 3, 1, 7], [8, 3, 3, 2, 7, 1, 4, 1], [1, 7, 1, 4, 4, 8, 1, 2], [1, 4, 1, 2, 7, 7, 1, 7], [4, 3, 1, 4, 8, 7, 7, 8]], "output": [[4, 3, 1, 4, 8, 7, 7, 8], [1, 4, 1, 2, 7, 7, 1, 7], [1, 7, 1, 4, 4, 8, 1, 2], [8, 3, 3, 2, 7, 1, 4, 1], [1, 2, 8, 1, 8, 3, 1, 7], [2, 8, 7, 2, 8, 8, 4, 2], [3, 3, 1, 2, 8, 3, 4, 3], [4, 7, 7, 4, 3, 2, 2, 1]]}, {"input": [[7, 3, 4, 3, 2, 3, 8, 4], [3, 8, 8, 1, 7, 1, 1, 1], [7, 2, 1, 4, 4, 4, 4, 7], [7, 4, 7, 3, 2, 2, 3, 7], [1, 7, 8, 8, 4, 3, 3, 2], [8, 3, 7, 7, 4, 7, 3, 1], [4, 2, 8, 2, 8, 8, 1, 7], [3, 2, 4, 8, 3, 7, 1, 1]], "output": [[3, 2, 4, 8, 3, 7, 1, 1], [4, 2, 8, 2, 8, 8, 1, 7], [8, 3, 7, 7, 4, 7, 3, 1], [1, 7, 8, 8, 4, 3, 3, 2], [7, 4, 7, 3, 2, 2, 3, 7], [7, 2, 1, 4, 4, 4, 4, 7], [3, 8, 8, 1, 7, 1, 1, 1], [7, 3, 4, 3, 2, 3, 8, 4]]}, {"input": [[1, 4, 4, 4, 8, 4, 2], [4, 2, 3, 1, 1, 3, 3], [4, 2, 7, 7, 8, 7, 7], [1, 8, 7, 8, 7, 2, 1], [2, 8, 7, 4, 4, 1, 4], [1, 2, 2, 2, 8, 7, 3], [1, 2, 4, 1, 8, 7, 1]], "output": [[1, 2, 4, 1, 8, 7, 1], [1, 2, 2, 2, 8, 7, 3], [2, 8, 7, 4, 4, 1, 4], [1, 8, 7, 8, 7, 2, 1], [4, 2, 7, 7, 8, 7, 7], [4, 2, 3, 1, 1, 3, 3], [1, 4, 4, 4, 8, 4, 2]]}, {"input": [[1, 2, 3, 8, 1, 8, 7, 8], [8, 4, 8, 4, 4, 8, 8, 1], [7, 7, 8, 3, 8, 1, 7, 7], [2, 2, 7, 4, 2, 3, 4, 4], [2, 7, 8, 4, 1, 7, 4, 3], [4, 7, 2, 3, 3, 7, 1, 3], [8, 4, 2, 8, 2, 2, 1, 1], [4, 2, 2, 7, 4, 2, 3, 3]], "output": [[4, 2, 2, 7, 4, 2, 3, 3], [8, 4, 2, 8, 2, 2, 1, 1], [4, 7, 2, 3, 3, 7, 1, 3], [2, 7, 8, 4, 1, 7, 4, 3], [2, 2, 7, 4, 2, 3, 4, 4], [7, 7, 8, 3, 8, 1, 7, 7], [8, 4, 8, 4, 4, 8, 8, 1], [1, 2, 3, 8, 1, 8, 7, 8]]}, {"input": [[4, 2, 8, 1, 1], [2, 2, 3, 7, 8], [4, 8, 7, 2, 2], [2, 4, 8, 2, 3], [3, 1, 4, 3, 3]], "output": [[3, 1, 4, 3, 3], [2, 4, 8, 2, 3], [4, 8, 7, 2, 2], [2, 2, 3, 7, 8], [4, 2, 8, 1, 1]]}, {"input": [[8, 3, 8, 4], [4, 1, 1, 2], [1, 1, 7, 7], [2, 2, 7, 3]], "output": [[2, 2, 7, 3], [1, 1, 7, 7], [4, 1, 1, 2], [8, 3, 8, 4]]}, {"input": [[1, 8, 2, 8, 7, 8, 3, 3], [3, 7, 2, 3, 3, 1, 4, 3], [2, 1, 3, 1, 2, 7, 8, 8], [1, 7, 8, 2, 1, 7, 1, 8], [4, 3, 2, 7, 2, 1, 4, 3], [2, 4, 1, 4, 1, 4, 4, 4], [7, 4, 4, 4, 1, 8, 8, 8], [8, 7, 4, 4, 4, 4, 4, 8]], "output": [[8, 7, 4, 4, 4, 4, 4, 8], [7, 4, 4, 4, 1, 8, 8, 8], [2, 4, 1, 4, 1, 4, 4, 4], [4, 3, 2, 7, 2, 1, 4, 3], [1, 7, 8, 2, 1, 7, 1, 8], [2, 1, 3, 1, 2, 7, 8, 8], [3, 7, 2, 3, 3, 1, 4, 3], [1, 8, 2, 8, 7, 8, 3, 3]]}, {"input": [[1, 1, 4, 3, 4, 2], [7, 8, 7, 2, 2, 3], [2, 1, 3, 7, 4, 8], [1, 2, 7, 4, 8, 7], [8, 3, 1, 4, 3, 3], [2, 7, 8, 3, 3, 8]], "output": [[2, 7, 8, 3, 3, 8], [8, 3, 1, 4, 3, 3], [1, 2, 7, 4, 8, 7], [2, 1, 3, 7, 4, 8], [7, 8, 7, 2, 2, 3], [1, 1, 4, 3, 4, 2]]}, {"input": [[8, 8, 2, 4, 2, 3], [1, 4, 7, 8, 3, 1], [1, 2, 2, 7, 3, 8], [1, 8, 7, 8, 4, 2], [1, 7, 3, 1, 1, 3], [8, 8, 4, 4, 8, 4]], "output": [[8, 8, 4, 4, 8, 4], [1, 7, 3, 1, 1, 3], [1, 8, 7, 8, 4, 2], [1, 2, 2, 7, 3, 8], [1, 4, 7, 8, 3, 1], [8, 8, 2, 4, 2, 3]]}, {"input": [[4, 4, 3, 8, 3, 4, 2], [7, 2, 3, 4, 2, 7, 1], [1, 7, 1, 8, 1, 4, 2], [7, 7, 8, 2, 2, 1, 3], [2, 3, 2, 3, 8, 4, 3], [7, 4, 4, 3, 3, 7, 7], [3, 3, 7, 8, 1, 1, 2]], "output": [[3, 3, 7, 8, 1, 1, 2], [7, 4, 4, 3, 3, 7, 7], [2, 3, 2, 3, 8, 4, 3], [7, 7, 8, 2, 2, 1, 3], [1, 7, 1, 8, 1, 4, 2], [7, 2, 3, 4, 2, 7, 1], [4, 4, 3, 8, 3, 4, 2]]}, {"input": [[1, 3, 4, 8], [2, 8, 3, 2], [2, 8, 4, 7], [2, 8, 2, 7]], "output": [[2, 8, 2, 7], [2, 8, 4, 7], [2, 8, 3, 2], [1, 3, 4, 8]]}, {"input": [[3, 2, 3, 8, 3], [1, 3, 8, 1, 3], [2, 1, 3, 8, 1], [3, 7, 8, 4, 3], [8, 8, 2, 2, 2]], "output": [[8, 8, 2, 2, 2], [3, 7, 8, 4, 3], [2, 1, 3, 8, 1], [1, 3, 8, 1, 3], [3, 2, 3, 8, 3]]}, {"input": [[4, 8, 4, 7, 1, 4, 2], [1, 8, 8, 3, 3, 4, 2], [7, 8, 1, 7, 2, 3, 3], [2, 3, 8, 2, 1, 8, 4], [8, 1, 2, 4, 2, 4, 1], [8, 1, 7, 1, 3, 8, 8], [4, 4, 2, 3, 4, 2, 8]], "output": [[4, 4, 2, 3, 4, 2, 8], [8, 1, 7, 1, 3, 8, 8], [8, 1, 2, 4, 2, 4, 1], [2, 3, 8, 2, 1, 8, 4], [7, 8, 1, 7, 2, 3, 3], [1, 8, 8, 3, 3, 4, 2], [4, 8, 4, 7, 1, 4, 2]]}, {"input": [[7, 1, 1, 7, 2], [2, 3, 4, 1, 7], [8, 2, 8, 2, 3], [4, 7, 8, 8, 1], [7, 4, 2, 1, 7]], "output": [[7, 4, 2, 1, 7], [4, 7, 8, 8, 1], [8, 2, 8, 2, 3], [2, 3, 4, 1, 7], [7, 1, 1, 7, 2]]}, {"input": [[1, 2, 4, 3, 8, 1, 8, 4], [7, 4, 7, 1, 3, 8, 3, 7], [2, 7, 8, 7, 2, 1, 1, 8], [4, 4, 3, 3, 3, 8, 8, 3], [4, 3, 2, 3, 3, 7, 3, 3], [2, 8, 3, 7, 1, 4, 7, 1], [3, 1, 4, 1, 4, 4, 8, 7], [2, 2, 8, 1, 2, 3, 3, 4]], "output": [[2, 2, 8, 1, 2, 3, 3, 4], [3, 1, 4, 1, 4, 4, 8, 7], [2, 8, 3, 7, 1, 4, 7, 1], [4, 3, 2, 3, 3, 7, 3, 3], [4, 4, 3, 3, 3, 8, 8, 3], [2, 7, 8, 7, 2, 1, 1, 8], [7, 4, 7, 1, 3, 8, 3, 7], [1, 2, 4, 3, 8, 1, 8, 4]]}, {"input": [[7, 7, 3, 2], [2, 2, 3, 1], [7, 8, 8, 8], [2, 8, 2, 8]], "output": [[2, 8, 2, 8], [7, 8, 8, 8], [2, 2, 3, 1], [7, 7, 3, 2]]}, {"input": [[1, 7, 7, 8], [8, 7, 2, 8], [2, 3, 1, 7], [3, 4, 7, 1]], "output": [[3, 4, 7, 1], [2, 3, 1, 7], [8, 7, 2, 8], [1, 7, 7, 8]]}, {"input": [[8, 8, 4, 3], [8, 8, 7, 4], [1, 7, 4, 2], [4, 7, 8, 8]], "output": [[4, 7, 8, 8], [1, 7, 4, 2], [8, 8, 7, 4], [8, 8, 4, 3]]}, {"input": [[3, 7, 2, 4], [3, 7, 3, 8], [2, 2, 8, 8], [2, 8, 4, 3]], "output": [[2, 8, 4, 3], [2, 2, 8, 8], [3, 7, 3, 8], [3, 7, 2, 4]]}, {"input": [[8, 1, 1, 7, 7, 3], [2, 4, 3, 4, 1, 4], [7, 7, 1, 7, 4, 1], [8, 4, 4, 4, 1, 7], [1, 1, 7, 7, 7, 2], [8, 8, 8, 1, 2, 2]], "output": [[8, 8, 8, 1, 2, 2], [1, 1, 7, 7, 7, 2], [8, 4, 4, 4, 1, 7], [7, 7, 1, 7, 4, 1], [2, 4, 3, 4, 1, 4], [8, 1, 1, 7, 7, 3]]}, {"input": [[8, 7, 2, 1, 8, 4], [1, 2, 1, 7, 2, 3], [3, 8, 8, 4, 3, 2], [2, 4, 3, 1, 1, 4], [3, 7, 8, 2, 4, 2], [7, 1, 2, 4, 4, 4]], "output": [[7, 1, 2, 4, 4, 4], [3, 7, 8, 2, 4, 2], [2, 4, 3, 1, 1, 4], [3, 8, 8, 4, 3, 2], [1, 2, 1, 7, 2, 3], [8, 7, 2, 1, 8, 4]]}, {"input": [[3, 4, 7, 3, 8], [4, 2, 3, 7, 4], [3, 8, 1, 2, 4], [1, 3, 3, 7, 4], [4, 4, 2, 3, 1]], "output": [[4, 4, 2, 3, 1], [1, 3, 3, 7, 4], [3, 8, 1, 2, 4], [4, 2, 3, 7, 4], [3, 4, 7, 3, 8]]}, {"input": [[4, 3, 1, 1], [1, 2, 3, 3], [4, 8, 7, 4], [2, 2, 3, 7]], "output": [[2, 2, 3, 7], [4, 8, 7, 4], [1, 2, 3, 3], [4, 3, 1, 1]]}, {"input": [[1, 8, 8, 1, 1, 3, 2, 4], [1, 7, 3, 2, 8, 1, 1, 1], [7, 7, 3, 3, 2, 2, 1, 7], [4, 3, 3, 4, 4, 3, 4, 3], [4, 8, 2, 8, 8, 2, 8, 3], [4, 4, 1, 2, 7, 2, 8, 3], [7, 8, 3, 3, 8, 1, 1, 2], [4, 8, 2, 2, 2, 8, 1, 8]], "output": [[4, 8, 2, 2, 2, 8, 1, 8], [7, 8, 3, 3, 8, 1, 1, 2], [4, 4, 1, 2, 7, 2, 8, 3], [4, 8, 2, 8, 8, 2, 8, 3], [4, 3, 3, 4, 4, 3, 4, 3], [7, 7, 3, 3, 2, 2, 1, 7], [1, 7, 3, 2, 8, 1, 1, 1], [1, 8, 8, 1, 1, 3, 2, 4]]}, {"input": [[4, 3, 3, 7], [3, 4, 8, 3], [7, 1, 7, 4], [8, 8, 4, 8]], "output": [[8, 8, 4, 8], [7, 1, 7, 4], [3, 4, 8, 3], [4, 3, 3, 7]]}, {"input": [[3, 2, 7, 7], [1, 8, 1, 7], [8, 7, 7, 4], [2, 7, 1, 7]], "output": [[2, 7, 1, 7], [8, 7, 7, 4], [1, 8, 1, 7], [3, 2, 7, 7]]}, {"input": [[2, 8, 3, 1, 7, 1, 2, 1], [7, 7, 2, 2, 8, 3, 1, 2], [3, 3, 2, 4, 3, 8, 1, 1], [1, 2, 7, 3, 3, 7, 4, 8], [4, 3, 2, 8, 8, 2, 3, 7], [2, 3, 2, 3, 4, 3, 3, 8], [1, 8, 3, 7, 1, 7, 2, 1], [3, 7, 1, 8, 8, 2, 4, 8]], "output": [[3, 7, 1, 8, 8, 2, 4, 8], [1, 8, 3, 7, 1, 7, 2, 1], [2, 3, 2, 3, 4, 3, 3, 8], [4, 3, 2, 8, 8, 2, 3, 7], [1, 2, 7, 3, 3, 7, 4, 8], [3, 3, 2, 4, 3, 8, 1, 1], [7, 7, 2, 2, 8, 3, 1, 2], [2, 8, 3, 1, 7, 1, 2, 1]]}, {"input": [[8, 3, 8, 7, 4], [3, 3, 4, 4, 8], [8, 7, 3, 4, 3], [8, 3, 7, 4, 2], [2, 4, 4, 3, 4]], "output": [[2, 4, 4, 3, 4], [8, 3, 7, 4, 2], [8, 7, 3, 4, 3], [3, 3, 4, 4, 8], [8, 3, 8, 7, 4]]}, {"input": [[7, 7, 3, 4, 7, 1, 2, 4], [2, 8, 7, 7, 3, 4, 4, 2], [8, 1, 7, 1, 7, 7, 8, 4], [4, 2, 7, 3, 4, 7, 2, 1], [7, 4, 3, 8, 3, 8, 1, 4], [4, 8, 7, 7, 8, 8, 2, 4], [7, 4, 2, 1, 1, 4, 1, 1], [4, 8, 8, 3, 3, 4, 2, 3]], "output": [[4, 8, 8, 3, 3, 4, 2, 3], [7, 4, 2, 1, 1, 4, 1, 1], [4, 8, 7, 7, 8, 8, 2, 4], [7, 4, 3, 8, 3, 8, 1, 4], [4, 2, 7, 3, 4, 7, 2, 1], [8, 1, 7, 1, 7, 7, 8, 4], [2, 8, 7, 7, 3, 4, 4, 2], [7, 7, 3, 4, 7, 1, 2, 4]]}, {"input": [[8, 7, 3, 2, 7, 4], [7, 7, 4, 3, 4, 2], [8, 7, 8, 4, 1, 1], [3, 8, 3, 8, 8, 1], [4, 1, 8, 7, 4, 8], [3, 2, 7, 2, 7, 1]], "output": [[3, 2, 7, 2, 7, 1], [4, 1, 8, 7, 4, 8], [3, 8, 3, 8, 8, 1], [8, 7, 8, 4, 1, 1], [7, 7, 4, 3, 4, 2], [8, 7, 3, 2, 7, 4]]}, {"input": [[3, 3, 1, 4, 3, 8, 4], [4, 7, 1, 2, 3, 1, 7], [4, 2, 8, 1, 1, 4, 4], [8, 8, 8, 4, 1, 7, 8], [2, 3, 3, 2, 7, 8, 1], [1, 3, 1, 8, 3, 7, 1], [1, 8, 1, 3, 8, 3, 1]], "output": [[1, 8, 1, 3, 8, 3, 1], [1, 3, 1, 8, 3, 7, 1], [2, 3, 3, 2, 7, 8, 1], [8, 8, 8, 4, 1, 7, 8], [4, 2, 8, 1, 1, 4, 4], [4, 7, 1, 2, 3, 1, 7], [3, 3, 1, 4, 3, 8, 4]]}, {"input": [[2, 3, 1, 1, 4, 4], [1, 4, 3, 7, 8, 8], [7, 1, 8, 2, 8, 1], [1, 1, 1, 2, 3, 3], [8, 4, 7, 7, 3, 3], [2, 7, 1, 3, 2, 4]], "output": [[2, 7, 1, 3, 2, 4], [8, 4, 7, 7, 3, 3], [1, 1, 1, 2, 3, 3], [7, 1, 8, 2, 8, 1], [1, 4, 3, 7, 8, 8], [2, 3, 1, 1, 4, 4]]}, {"input": [[8, 1, 4, 2], [2, 1, 1, 3], [1, 7, 8, 3], [2, 7, 2, 8]], "output": [[2, 7, 2, 8], [1, 7, 8, 3], [2, 1, 1, 3], [8, 1, 4, 2]]}, {"input": [[7, 7, 1, 4, 8, 7, 1, 2], [2, 2, 7, 8, 7, 3, 4, 4], [1, 1, 7, 3, 1, 8, 4, 3], [4, 1, 7, 2, 4, 4, 4, 2], [1, 7, 7, 7, 7, 7, 1, 8], [2, 8, 1, 3, 7, 7, 8, 2], [2, 1, 4, 3, 1, 4, 8, 3], [7, 4, 2, 3, 7, 1, 7, 4]], "output": [[7, 4, 2, 3, 7, 1, 7, 4], [2, 1, 4, 3, 1, 4, 8, 3], [2, 8, 1, 3, 7, 7, 8, 2], [1, 7, 7, 7, 7, 7, 1, 8], [4, 1, 7, 2, 4, 4, 4, 2], [1, 1, 7, 3, 1, 8, 4, 3], [2, 2, 7, 8, 7, 3, 4, 4], [7, 7, 1, 4, 8, 7, 1, 2]]}, {"input": [[3, 4, 4, 2, 3, 8, 2, 4], [8, 8, 2, 8, 1, 8, 3, 7], [7, 7, 3, 7, 2, 2, 1, 7], [8, 7, 3, 2, 7, 2, 7, 1], [2, 2, 3, 7, 2, 4, 8, 8], [4, 1, 3, 4, 3, 8, 8, 3], [7, 1, 3, 2, 1, 3, 1, 7], [1, 8, 1, 3, 2, 8, 7, 8]], "output": [[1, 8, 1, 3, 2, 8, 7, 8], [7, 1, 3, 2, 1, 3, 1, 7], [4, 1, 3, 4, 3, 8, 8, 3], [2, 2, 3, 7, 2, 4, 8, 8], [8, 7, 3, 2, 7, 2, 7, 1], [7, 7, 3, 7, 2, 2, 1, 7], [8, 8, 2, 8, 1, 8, 3, 7], [3, 4, 4, 2, 3, 8, 2, 4]]}, {"input": [[2, 2, 4, 7, 8, 3, 1], [7, 7, 4, 2, 3, 4, 8], [1, 7, 1, 2, 3, 4, 7], [4, 1, 3, 2, 7, 3, 3], [7, 1, 7, 7, 7, 4, 1], [3, 3, 8, 8, 1, 3, 7], [4, 8, 3, 1, 3, 4, 8]], "output": [[4, 8, 3, 1, 3, 4, 8], [3, 3, 8, 8, 1, 3, 7], [7, 1, 7, 7, 7, 4, 1], [4, 1, 3, 2, 7, 3, 3], [1, 7, 1, 2, 3, 4, 7], [7, 7, 4, 2, 3, 4, 8], [2, 2, 4, 7, 8, 3, 1]]}, {"input": [[7, 8, 1, 4, 1, 1], [7, 8, 2, 1, 1, 7], [1, 7, 3, 8, 3, 8], [4, 2, 8, 4, 7, 2], [3, 2, 1, 8, 7, 1], [2, 2, 8, 2, 3, 8]], "output": [[2, 2, 8, 2, 3, 8], [3, 2, 1, 8, 7, 1], [4, 2, 8, 4, 7, 2], [1, 7, 3, 8, 3, 8], [7, 8, 2, 1, 1, 7], [7, 8, 1, 4, 1, 1]]}, {"input": [[1, 2, 1, 2, 3], [2, 3, 4, 7, 3], [7, 1, 4, 4, 1], [4, 7, 4, 7, 4], [2, 1, 8, 8, 7]], "output": [[2, 1, 8, 8, 7], [4, 7, 4, 7, 4], [7, 1, 4, 4, 1], [2, 3, 4, 7, 3], [1, 2, 1, 2, 3]]}, {"input": [[7, 7, 4, 8, 4, 2, 7], [4, 3, 1, 3, 4, 4, 2], [7, 8, 7, 2, 7, 3, 4], [3, 2, 1, 1, 7, 2, 4], [1, 8, 7, 1, 2, 8, 1], [7, 1, 7, 7, 7, 4, 2], [1, 7, 3, 8, 4, 7, 2]], "output": [[1, 7, 3, 8, 4, 7, 2], [7, 1, 7, 7, 7, 4, 2], [1, 8, 7, 1, 2, 8, 1], [3, 2, 1, 1, 7, 2, 4], [7, 8, 7, 2, 7, 3, 4], [4, 3, 1, 3, 4, 4, 2], [7, 7, 4, 8, 4, 2, 7]]}, {"input": [[2, 1, 7, 1, 8, 3], [7, 7, 4, 3, 3, 1], [2, 8, 4, 8, 3, 2], [1, 3, 7, 2, 3, 2], [8, 2, 4, 2, 8, 7], [3, 1, 7, 4, 1, 8]], "output": [[3, 1, 7, 4, 1, 8], [8, 2, 4, 2, 8, 7], [1, 3, 7, 2, 3, 2], [2, 8, 4, 8, 3, 2], [7, 7, 4, 3, 3, 1], [2, 1, 7, 1, 8, 3]]}, {"input": [[8, 8, 7, 1, 7, 7], [4, 1, 8, 1, 1, 1], [7, 2, 4, 4, 2, 2], [8, 4, 2, 8, 4, 7], [8, 2, 8, 1, 4, 1], [3, 4, 2, 8, 2, 2]], "output": [[3, 4, 2, 8, 2, 2], [8, 2, 8, 1, 4, 1], [8, 4, 2, 8, 4, 7], [7, 2, 4, 4, 2, 2], [4, 1, 8, 1, 1, 1], [8, 8, 7, 1, 7, 7]]}, {"input": [[1, 7, 4, 8, 8], [8, 1, 4, 1, 1], [4, 3, 1, 3, 8], [8, 2, 1, 3, 1], [3, 3, 7, 2, 3]], "output": [[3, 3, 7, 2, 3], [8, 2, 1, 3, 1], [4, 3, 1, 3, 8], [8, 1, 4, 1, 1], [1, 7, 4, 8, 8]]}, {"input": [[4, 3, 1, 3], [2, 7, 8, 7], [7, 7, 1, 1], [4, 2, 1, 4]], "output": [[4, 2, 1, 4], [7, 7, 1, 1], [2, 7, 8, 7], [4, 3, 1, 3]]}, {"input": [[3, 4, 4, 2, 8, 1], [1, 1, 1, 1, 2, 7], [2, 8, 3, 8, 7, 8], [7, 4, 7, 2, 4, 7], [1, 8, 8, 2, 4, 7], [1, 2, 1, 8, 2, 8]], "output": [[1, 2, 1, 8, 2, 8], [1, 8, 8, 2, 4, 7], [7, 4, 7, 2, 4, 7], [2, 8, 3, 8, 7, 8], [1, 1, 1, 1, 2, 7], [3, 4, 4, 2, 8, 1]]}, {"input": [[1, 7, 8, 3, 7, 7], [3, 3, 8, 7, 2, 3], [8, 3, 3, 2, 4, 1], [2, 7, 3, 8, 2, 7], [1, 3, 7, 7, 3, 7], [2, 7, 4, 7, 4, 2]], "output": [[2, 7, 4, 7, 4, 2], [1, 3, 7, 7, 3, 7], [2, 7, 3, 8, 2, 7], [8, 3, 3, 2, 4, 1], [3, 3, 8, 7, 2, 3], [1, 7, 8, 3, 7, 7]]}, {"input": [[2, 3, 3, 3, 4, 1, 8], [4, 1, 4, 4, 1, 7, 1], [3, 1, 2, 1, 8, 3, 3], [3, 2, 3, 1, 8, 4, 7], [3, 4, 8, 7, 7, 1, 7], [3, 8, 3, 4, 1, 3, 2], [7, 4, 8, 4, 4, 3, 8]], "output": [[7, 4, 8, 4, 4, 3, 8], [3, 8, 3, 4, 1, 3, 2], [3, 4, 8, 7, 7, 1, 7], [3, 2, 3, 1, 8, 4, 7], [3, 1, 2, 1, 8, 3, 3], [4, 1, 4, 4, 1, 7, 1], [2, 3, 3, 3, 4, 1, 8]]}]}